1|{3: 3, 237: 237, 236: 236, 232: 232, 10: 10, 242: 242, 11: 11, 0: 0, 2: 2, 233: 233}|( { t = 0 & -a + b >= -63 & b >= 0 & a - b >= 1 } { t = 0 & -a + b > -1 & b >= 0 & a - b >= -61 & a >= 0 } )|243
2|{3: 242, 237: 237, 236: 236, 232: 232, 10: 10, 242: 2, 11: 11, 0: 0, 2: 3, 233: 233}|( { t = 0 & -a + b >= -63 & b >= 0 & a - b >= 1 } { t = 0 & -a + b > -1 & b >= 0 & a - b >= -61 & a >= 0 } )|245
4|{3: 242, 237: 2, 236: 236, 232: 232, 10: 10, 242: 237, 11: 11, 0: 0, 2: 3, 233: 233}|( { t = 0 & -a + b >= -63 & b >= 0 & a - b >= 1 } { t = 0 & -a + b > -1 & b >= 0 & a - b >= -61 & a >= 0 } )|245
5|{3: 2, 237: 242, 236: 236, 232: 232, 10: 10, 242: 237, 11: 11, 0: 0, 2: 3, 233: 233}|( { t = 0 & -a + b >= -63 & b >= 0 & a - b >= 1 } { t = 0 & -a + b > -1 & b >= 0 & a - b >= -61 & a >= 0 } )|243
7|{3: 2, 237: 237, 236: 236, 232: 232, 10: 10, 242: 242, 11: 11, 0: 0, 2: 3, 233: 233}|( { t = 0 & -a + b >= -63 & b >= 0 & a - b >= 1 } { t = 0 & -a + b > -1 & b >= 0 & a - b >= -61 & a >= 0 } )|243
8|{3: 242, 237: 3, 236: 236, 232: 232, 10: 10, 242: 2, 11: 11, 0: 0, 2: 237, 233: 233}|( { t = 0 & -a + b >= -63 & b >= 0 & a - b >= 1 } { t = 0 & -a + b > -1 & b >= 0 & a - b >= -61 & a >= 0 } )|486
9|{3: 3, 237: 242, 236: 236, 232: 232, 10: 10, 242: 2, 11: 11, 0: 0, 2: 237, 233: 233}|( { t = 0 & -a + b >= -63 & b >= 0 & a - b >= 1 } { t = 0 & -a + b > -1 & b >= 0 & a - b >= -61 & a >= 0 } )|248
10|{3: 242, 237: 2, 236: 236, 232: 232, 10: 10, 242: 3, 11: 11, 0: 0, 2: 237, 233: 233}|( { t = 0 & -a + b >= -63 & b >= 0 & a - b >= 1 } { t = 0 & -a + b > -1 & b >= 0 & a - b >= -61 & a >= 0 } )|243
11|{3: 2, 237: 242, 236: 236, 232: 232, 10: 10, 242: 3, 11: 11, 0: 0, 2: 237, 233: 233}|( { t = 0 & -a + b >= -63 & b >= 0 & a - b >= 1 } { t = 0 & -a + b > -1 & b >= 0 & a - b >= -61 & a >= 0 } )|245
12|{3: 3, 237: 2, 236: 236, 232: 232, 10: 10, 242: 242, 11: 11, 0: 0, 2: 237, 233: 233}|( { t = 0 & -a + b >= -63 & b >= 0 & a - b >= 1 } { t = 0 & -a + b > -1 & b >= 0 & a - b >= -61 & a >= 0 } )|243
13|{3: 2, 237: 3, 236: 236, 232: 232, 10: 10, 242: 242, 11: 11, 0: 0, 2: 237, 233: 233}|( { t = 0 & -a + b >= -63 & b >= 0 & a - b >= 1 } { t = 0 & -a + b > -1 & b >= 0 & a - b >= -61 & a >= 0 } )|488
14|{3: 237, 237: 3, 236: 236, 232: 232, 10: 10, 242: 2, 11: 11, 0: 0, 2: 242, 233: 233}|( { t = 0 & -a + b >= -63 & b >= 0 & a - b >= 1 } { t = 0 & -a + b > -1 & b >= 0 & a - b >= -61 & a >= 0 } )|243
15|{3: 3, 237: 237, 236: 236, 232: 232, 10: 10, 242: 2, 11: 11, 0: 0, 2: 242, 233: 233}|( { t = 0 & -a + b >= -63 & b >= 0 & a - b >= 1 } { t = 0 & -a + b > -1 & b >= 0 & a - b >= -61 & a >= 0 } )|243
16|{3: 237, 237: 2, 236: 236, 232: 232, 10: 10, 242: 3, 11: 11, 0: 0, 2: 242, 233: 233}|( { t = 0 & -a + b >= -63 & b >= 0 & a - b >= 1 } { t = 0 & -a + b > -1 & b >= 0 & a - b >= -61 & a >= 0 } )|486
17|{3: 2, 237: 237, 236: 236, 232: 232, 10: 10, 242: 3, 11: 11, 0: 0, 2: 242, 233: 233}|( { t = 0 & -a + b >= -63 & b >= 0 & a - b >= 1 } { t = 0 & -a + b > -1 & b >= 0 & a - b >= -61 & a >= 0 } )|482
20|{3: 242, 237: 236, 236: 237, 232: 232, 10: 10, 242: 3, 11: 11, 0: 0, 2: 2, 233: 233}|( { t = 0 & -a + b >= -63 & b >= 0 & a - b >= 1 } { t = 0 & -a + b > -1 & b >= 0 & a - b >= -61 & a >= 0 } )|243
25|{3: 3, 237: 236, 236: 237, 232: 232, 10: 10, 242: 242, 11: 11, 0: 0, 2: 2, 233: 233}|( { t = 0 & -a + b >= -63 & b >= 0 & a - b >= 1 } { t = 0 & -a + b > -1 & b >= 0 & a - b >= -61 & a >= 0 } )|243
26|{3: 242, 237: 236, 236: 237, 232: 232, 10: 10, 242: 2, 11: 11, 0: 0, 2: 3, 233: 233}|( { t = 0 & -a + b >= -63 & b >= 0 & a - b >= 1 } { t = 0 & -a + b > -1 & b >= 0 & a - b >= -61 & a >= 0 } )|245
31|{3: 2, 237: 236, 236: 237, 232: 232, 10: 10, 242: 242, 11: 11, 0: 0, 2: 3, 233: 233}|( { t = 0 & -a + b >= -63 & b >= 0 & a - b >= 1 } { t = 0 & -a + b > -1 & b >= 0 & a - b >= -61 & a >= 0 } )|243
39|{3: 3, 237: 236, 236: 237, 232: 232, 10: 10, 242: 2, 11: 11, 0: 0, 2: 242, 233: 233}|( { t = 0 & -a + b >= -63 & b >= 0 & a - b >= 1 } { t = 0 & -a + b > -1 & b >= 0 & a - b >= -61 & a >= 0 } )|243
41|{3: 2, 237: 236, 236: 237, 232: 232, 10: 10, 242: 3, 11: 11, 0: 0, 2: 242, 233: 233}|( { t = 0 & -a + b >= -63 & b >= 0 & a - b >= 1 } { t = 0 & -a + b > -1 & b >= 0 & a - b >= -61 & a >= 0 } )|482
46|{3: 237, 237: 3, 236: 242, 232: 232, 10: 10, 242: 236, 11: 11, 0: 0, 2: 2, 233: 233}|( { t = 0 & -a + b >= -63 & b >= 0 & a - b >= 1 } { t = 0 & -a + b > -1 & b >= 0 & a - b >= -61 & a >= 0 } )|243
47|{3: 3, 237: 237, 236: 242, 232: 232, 10: 10, 242: 236, 11: 11, 0: 0, 2: 2, 233: 233}|( { t = 0 & -a + b >= -63 & b >= 0 & a - b >= 1 } { t = 0 & -a + b > -1 & b >= 0 & a - b >= -61 & a >= 0 } )|243
53|{3: 2, 237: 237, 236: 242, 232: 232, 10: 10, 242: 236, 11: 11, 0: 0, 2: 3, 233: 233}|( { t = 0 & -a + b >= -63 & b >= 0 & a - b >= 1 } { t = 0 & -a + b > -1 & b >= 0 & a - b >= -61 & a >= 0 } )|243
66|{3: 3, 237: 2, 236: 242, 232: 232, 10: 10, 242: 236, 11: 11, 0: 0, 2: 237, 233: 233}|( { t = 0 & -a + b >= -63 & b >= 0 & a - b >= 1 } { t = 0 & -a + b > -1 & b >= 0 & a - b >= -61 & a >= 0 } )|243
67|{3: 2, 237: 3, 236: 242, 232: 232, 10: 10, 242: 236, 11: 11, 0: 0, 2: 237, 233: 233}|( { t = 0 & -a + b >= -63 & b >= 0 & a - b >= 1 } { t = 0 & -a + b > -1 & b >= 0 & a - b >= -61 & a >= 0 } )|488
116|{3: 242, 237: 237, 236: 11, 232: 232, 10: 10, 242: 3, 11: 236, 0: 0, 2: 2, 233: 233}|( { t = 0 & -a + b >= -63 & b >= 0 & a - b >= 1 } { t = 0 & -a + b > -1 & b >= 0 & a - b >= -61 & a >= 0 } )|243
117|{3: 237, 237: 242, 236: 11, 232: 232, 10: 10, 242: 3, 11: 236, 0: 0, 2: 2, 233: 233}|( { t = 0 & -a + b >= -63 & b >= 0 & a - b >= 1 } { t = 0 & -a + b > -1 & b >= 0 & a - b >= -61 & a >= 0 } )|243
118|{3: 242, 237: 3, 236: 11, 232: 232, 10: 10, 242: 237, 11: 236, 0: 0, 2: 2, 233: 233}|( { t = 0 & -a + b >= -63 & b >= 0 & a - b >= 1 } { t = 0 & -a + b > -1 & b >= 0 & a - b >= -61 & a >= 0 } )|245
119|{3: 3, 237: 242, 236: 11, 232: 232, 10: 10, 242: 237, 11: 236, 0: 0, 2: 2, 233: 233}|( { t = 0 & -a + b >= -63 & b >= 0 & a - b >= 1 } { t = 0 & -a + b > -1 & b >= 0 & a - b >= -61 & a >= 0 } )|243
120|{3: 237, 237: 3, 236: 11, 232: 232, 10: 10, 242: 242, 11: 236, 0: 0, 2: 2, 233: 233}|( { t = 0 & -a + b >= -63 & b >= 0 & a - b >= 1 } { t = 0 & -a + b > -1 & b >= 0 & a - b >= -61 & a >= 0 } )|243
121|{3: 3, 237: 237, 236: 11, 232: 232, 10: 10, 242: 242, 11: 236, 0: 0, 2: 2, 233: 233}|( { t = 0 & -a + b >= -63 & b >= 0 & a - b >= 1 } { t = 0 & -a + b > -1 & b >= 0 & a - b >= -61 & a >= 0 } )|243
122|{3: 242, 237: 237, 236: 11, 232: 232, 10: 10, 242: 2, 11: 236, 0: 0, 2: 3, 233: 233}|( { t = 0 & -a + b >= -63 & b >= 0 & a - b >= 1 } { t = 0 & -a + b > -1 & b >= 0 & a - b >= -61 & a >= 0 } )|245
124|{3: 242, 237: 2, 236: 11, 232: 232, 10: 10, 242: 237, 11: 236, 0: 0, 2: 3, 233: 233}|( { t = 0 & -a + b >= -63 & b >= 0 & a - b >= 1 } { t = 0 & -a + b > -1 & b >= 0 & a - b >= -61 & a >= 0 } )|245
125|{3: 2, 237: 242, 236: 11, 232: 232, 10: 10, 242: 237, 11: 236, 0: 0, 2: 3, 233: 233}|( { t = 0 & -a + b >= -63 & b >= 0 & a - b >= 1 } { t = 0 & -a + b > -1 & b >= 0 & a - b >= -61 & a >= 0 } )|243
127|{3: 2, 237: 237, 236: 11, 232: 232, 10: 10, 242: 242, 11: 236, 0: 0, 2: 3, 233: 233}|( { t = 0 & -a + b >= -63 & b >= 0 & a - b >= 1 } { t = 0 & -a + b > -1 & b >= 0 & a - b >= -61 & a >= 0 } )|243
128|{3: 242, 237: 3, 236: 11, 232: 232, 10: 10, 242: 2, 11: 236, 0: 0, 2: 237, 233: 233}|( { t = 0 & -a + b >= -63 & b >= 0 & a - b >= 1 } { t = 0 & -a + b > -1 & b >= 0 & a - b >= -61 & a >= 0 } )|486
129|{3: 3, 237: 242, 236: 11, 232: 232, 10: 10, 242: 2, 11: 236, 0: 0, 2: 237, 233: 233}|( { t = 0 & -a + b >= -63 & b >= 0 & a - b >= 1 } { t = 0 & -a + b > -1 & b >= 0 & a - b >= -61 & a >= 0 } )|248
130|{3: 242, 237: 2, 236: 11, 232: 232, 10: 10, 242: 3, 11: 236, 0: 0, 2: 237, 233: 233}|( { t = 0 & -a + b >= -63 & b >= 0 & a - b >= 1 } { t = 0 & -a + b > -1 & b >= 0 & a - b >= -61 & a >= 0 } )|243
131|{3: 2, 237: 242, 236: 11, 232: 232, 10: 10, 242: 3, 11: 236, 0: 0, 2: 237, 233: 233}|( { t = 0 & -a + b >= -63 & b >= 0 & a - b >= 1 } { t = 0 & -a + b > -1 & b >= 0 & a - b >= -61 & a >= 0 } )|245
132|{3: 3, 237: 2, 236: 11, 232: 232, 10: 10, 242: 242, 11: 236, 0: 0, 2: 237, 233: 233}|( { t = 0 & -a + b >= -63 & b >= 0 & a - b >= 1 } { t = 0 & -a + b > -1 & b >= 0 & a - b >= -61 & a >= 0 } )|243
133|{3: 2, 237: 3, 236: 11, 232: 232, 10: 10, 242: 242, 11: 236, 0: 0, 2: 237, 233: 233}|( { t = 0 & -a + b >= -63 & b >= 0 & a - b >= 1 } { t = 0 & -a + b > -1 & b >= 0 & a - b >= -61 & a >= 0 } )|488
134|{3: 237, 237: 3, 236: 11, 232: 232, 10: 10, 242: 2, 11: 236, 0: 0, 2: 242, 233: 233}|( { t = 0 & -a + b >= -63 & b >= 0 & a - b >= 1 } { t = 0 & -a + b > -1 & b >= 0 & a - b >= -61 & a >= 0 } )|243
135|{3: 3, 237: 237, 236: 11, 232: 232, 10: 10, 242: 2, 11: 236, 0: 0, 2: 242, 233: 233}|( { t = 0 & -a + b >= -63 & b >= 0 & a - b >= 1 } { t = 0 & -a + b > -1 & b >= 0 & a - b >= -61 & a >= 0 } )|243
136|{3: 237, 237: 2, 236: 11, 232: 232, 10: 10, 242: 3, 11: 236, 0: 0, 2: 242, 233: 233}|( { t = 0 & -a + b >= -63 & b >= 0 & a - b >= 1 } { t = 0 & -a + b > -1 & b >= 0 & a - b >= -61 & a >= 0 } )|486
137|{3: 2, 237: 237, 236: 11, 232: 232, 10: 10, 242: 3, 11: 236, 0: 0, 2: 242, 233: 233}|( { t = 0 & -a + b >= -63 & b >= 0 & a - b >= 1 } { t = 0 & -a + b > -1 & b >= 0 & a - b >= -61 & a >= 0 } )|482
200|{3: 242, 237: 11, 236: 2, 232: 232, 10: 10, 242: 3, 11: 237, 0: 0, 2: 236, 233: 233}|( { t = 0 & -a + b >= -63 & b >= 0 & a - b >= 1 } { t = 0 & -a + b > -1 & b >= 0 & a - b >= -61 & a >= 0 } )|243
205|{3: 3, 237: 11, 236: 2, 232: 232, 10: 10, 242: 242, 11: 237, 0: 0, 2: 236, 233: 233}|( { t = 0 & -a + b >= -63 & b >= 0 & a - b >= 1 } { t = 0 & -a + b > -1 & b >= 0 & a - b >= -61 & a >= 0 } )|243
216|{3: 236, 237: 11, 236: 3, 232: 232, 10: 10, 242: 242, 11: 237, 0: 0, 2: 2, 233: 233}|( { t = 0 & -a + b >= -63 & b >= 0 & a - b >= 1 } { t = 0 & -a + b > -1 & b >= 0 & a - b >= -61 & a >= 0 } )|243
230|{3: 236, 237: 11, 236: 3, 232: 232, 10: 10, 242: 2, 11: 237, 0: 0, 2: 242, 233: 233}|( { t = 0 & -a + b >= -63 & b >= 0 & a - b >= 1 } { t = 0 & -a + b > -1 & b >= 0 & a - b >= -61 & a >= 0 } )|243
232|{3: 236, 237: 2, 236: 3, 232: 232, 10: 10, 242: 11, 11: 237, 0: 0, 2: 242, 233: 233}|( { t = 0 & -a + b >= -63 & b >= 0 & a - b >= 1 } { t = 0 & -a + b > -1 & b >= 0 & a - b >= -61 & a >= 0 } )|245
260|{3: 242, 237: 11, 236: 236, 232: 232, 10: 10, 242: 3, 11: 237, 0: 0, 2: 2, 233: 233}|( { t = 0 & -a + b >= -63 & b >= 0 & a - b >= 1 } { t = 0 & -a + b > -1 & b >= 0 & a - b >= -61 & a >= 0 } )|243
265|{3: 3, 237: 11, 236: 236, 232: 232, 10: 10, 242: 242, 11: 237, 0: 0, 2: 2, 233: 233}|( { t = 0 & -a + b >= -63 & b >= 0 & a - b >= 1 } { t = 0 & -a + b > -1 & b >= 0 & a - b >= -61 & a >= 0 } )|243
266|{3: 242, 237: 11, 236: 236, 232: 232, 10: 10, 242: 2, 11: 237, 0: 0, 2: 3, 233: 233}|( { t = 0 & -a + b >= -63 & b >= 0 & a - b >= 1 } { t = 0 & -a + b > -1 & b >= 0 & a - b >= -61 & a >= 0 } )|245
267|{3: 11, 237: 242, 236: 236, 232: 232, 10: 10, 242: 2, 11: 237, 0: 0, 2: 3, 233: 233}|( { t = 0 & -a + b >= -63 & b >= 0 & a - b >= 1 } { t = 0 & -a + b > -1 & b >= 0 & a - b >= -61 & a >= 0 } )|248
270|{3: 11, 237: 2, 236: 236, 232: 232, 10: 10, 242: 242, 11: 237, 0: 0, 2: 3, 233: 233}|( { t = 0 & -a + b >= -63 & b >= 0 & a - b >= 1 } { t = 0 & -a + b > -1 & b >= 0 & a - b >= -61 & a >= 0 } )|243
271|{3: 2, 237: 11, 236: 236, 232: 232, 10: 10, 242: 242, 11: 237, 0: 0, 2: 3, 233: 233}|( { t = 0 & -a + b >= -63 & b >= 0 & a - b >= 1 } { t = 0 & -a + b > -1 & b >= 0 & a - b >= -61 & a >= 0 } )|243
279|{3: 3, 237: 11, 236: 236, 232: 232, 10: 10, 242: 2, 11: 237, 0: 0, 2: 242, 233: 233}|( { t = 0 & -a + b >= -63 & b >= 0 & a - b >= 1 } { t = 0 & -a + b > -1 & b >= 0 & a - b >= -61 & a >= 0 } )|243
281|{3: 2, 237: 11, 236: 236, 232: 232, 10: 10, 242: 3, 11: 237, 0: 0, 2: 242, 233: 233}|( { t = 0 & -a + b >= -63 & b >= 0 & a - b >= 1 } { t = 0 & -a + b > -1 & b >= 0 & a - b >= -61 & a >= 0 } )|482
282|{3: 3, 237: 2, 236: 236, 232: 232, 10: 10, 242: 11, 11: 237, 0: 0, 2: 242, 233: 233}|( { t = 0 & -a + b >= -63 & b >= 0 & a - b >= 1 } { t = 0 & -a + b > -1 & b >= 0 & a - b >= -61 & a >= 0 } )|245
283|{3: 2, 237: 3, 236: 236, 232: 232, 10: 10, 242: 11, 11: 237, 0: 0, 2: 242, 233: 233}|( { t = 0 & -a + b >= -63 & b >= 0 & a - b >= 1 } { t = 0 & -a + b > -1 & b >= 0 & a - b >= -61 & a >= 0 } )|488
289|{3: 3, 237: 11, 236: 242, 232: 232, 10: 10, 242: 236, 11: 237, 0: 0, 2: 2, 233: 233}|( { t = 0 & -a + b >= -63 & b >= 0 & a - b >= 1 } { t = 0 & -a + b > -1 & b >= 0 & a - b >= -61 & a >= 0 } )|243
294|{3: 11, 237: 2, 236: 242, 232: 232, 10: 10, 242: 236, 11: 237, 0: 0, 2: 3, 233: 233}|( { t = 0 & -a + b >= -63 & b >= 0 & a - b >= 1 } { t = 0 & -a + b > -1 & b >= 0 & a - b >= -61 & a >= 0 } )|243
295|{3: 2, 237: 11, 236: 242, 232: 232, 10: 10, 242: 236, 11: 237, 0: 0, 2: 3, 233: 233}|( { t = 0 & -a + b >= -63 & b >= 0 & a - b >= 1 } { t = 0 & -a + b > -1 & b >= 0 & a - b >= -61 & a >= 0 } )|243
322|{3: 237, 237: 3, 236: 2, 232: 232, 10: 10, 242: 11, 11: 242, 0: 0, 2: 236, 233: 233}|( { t = 0 & -a + b >= -63 & b >= 0 & a - b >= 1 } { t = 0 & -a + b > -1 & b >= 0 & a - b >= -61 & a >= 0 } )|243
323|{3: 3, 237: 237, 236: 2, 232: 232, 10: 10, 242: 11, 11: 242, 0: 0, 2: 236, 233: 233}|( { t = 0 & -a + b >= -63 & b >= 0 & a - b >= 1 } { t = 0 & -a + b > -1 & b >= 0 & a - b >= -61 & a >= 0 } )|243
333|{3: 236, 237: 237, 236: 3, 232: 232, 10: 10, 242: 11, 11: 242, 0: 0, 2: 2, 233: 233}|( { t = 0 & -a + b >= -63 & b >= 0 & a - b >= 1 } { t = 0 & -a + b > -1 & b >= 0 & a - b >= -61 & a >= 0 } )|243
350|{3: 236, 237: 11, 236: 3, 232: 232, 10: 10, 242: 2, 11: 242, 0: 0, 2: 237, 233: 233}|( { t = 0 & -a + b >= -63 & b >= 0 & a - b >= 1 } { t = 0 & -a + b > -1 & b >= 0 & a - b >= -61 & a >= 0 } )|245
352|{3: 236, 237: 2, 236: 3, 232: 232, 10: 10, 242: 11, 11: 242, 0: 0, 2: 237, 233: 233}|( { t = 0 & -a + b >= -63 & b >= 0 & a - b >= 1 } { t = 0 & -a + b > -1 & b >= 0 & a - b >= -61 & a >= 0 } )|243
382|{3: 237, 237: 3, 236: 236, 232: 232, 10: 10, 242: 11, 11: 242, 0: 0, 2: 2, 233: 233}|( { t = 0 & -a + b >= -63 & b >= 0 & a - b >= 1 } { t = 0 & -a + b > -1 & b >= 0 & a - b >= -61 & a >= 0 } )|243
383|{3: 3, 237: 237, 236: 236, 232: 232, 10: 10, 242: 11, 11: 242, 0: 0, 2: 2, 233: 233}|( { t = 0 & -a + b >= -63 & b >= 0 & a - b >= 1 } { t = 0 & -a + b > -1 & b >= 0 & a - b >= -61 & a >= 0 } )|243
387|{3: 11, 237: 237, 236: 236, 232: 232, 10: 10, 242: 2, 11: 242, 0: 0, 2: 3, 233: 233}|( { t = 0 & -a + b >= -63 & b >= 0 & a - b >= 1 } { t = 0 & -a + b > -1 & b >= 0 & a - b >= -61 & a >= 0 } )|243
389|{3: 2, 237: 237, 236: 236, 232: 232, 10: 10, 242: 11, 11: 242, 0: 0, 2: 3, 233: 233}|( { t = 0 & -a + b >= -63 & b >= 0 & a - b >= 1 } { t = 0 & -a + b > -1 & b >= 0 & a - b >= -61 & a >= 0 } )|243
399|{3: 3, 237: 11, 236: 236, 232: 232, 10: 10, 242: 2, 11: 242, 0: 0, 2: 237, 233: 233}|( { t = 0 & -a + b >= -63 & b >= 0 & a - b >= 1 } { t = 0 & -a + b > -1 & b >= 0 & a - b >= -61 & a >= 0 } )|245
401|{3: 2, 237: 11, 236: 236, 232: 232, 10: 10, 242: 3, 11: 242, 0: 0, 2: 237, 233: 233}|( { t = 0 & -a + b >= -63 & b >= 0 & a - b >= 1 } { t = 0 & -a + b > -1 & b >= 0 & a - b >= -61 & a >= 0 } )|486
402|{3: 3, 237: 2, 236: 236, 232: 232, 10: 10, 242: 11, 11: 242, 0: 0, 2: 237, 233: 233}|( { t = 0 & -a + b >= -63 & b >= 0 & a - b >= 1 } { t = 0 & -a + b > -1 & b >= 0 & a - b >= -61 & a >= 0 } )|243
403|{3: 2, 237: 3, 236: 236, 232: 232, 10: 10, 242: 11, 11: 242, 0: 0, 2: 237, 233: 233}|( { t = 0 & -a + b >= -63 & b >= 0 & a - b >= 1 } { t = 0 & -a + b > -1 & b >= 0 & a - b >= -61 & a >= 0 } )|488
407|{3: 3, 237: 236, 236: 237, 232: 232, 10: 10, 242: 11, 11: 242, 0: 0, 2: 2, 233: 233}|( { t = 0 & -a + b >= -63 & b >= 0 & a - b >= 1 } { t = 0 & -a + b > -1 & b >= 0 & a - b >= -61 & a >= 0 } )|243
411|{3: 11, 237: 236, 236: 237, 232: 232, 10: 10, 242: 2, 11: 242, 0: 0, 2: 3, 233: 233}|( { t = 0 & -a + b >= -63 & b >= 0 & a - b >= 1 } { t = 0 & -a + b > -1 & b >= 0 & a - b >= -61 & a >= 0 } )|243
413|{3: 2, 237: 236, 236: 237, 232: 232, 10: 10, 242: 11, 11: 242, 0: 0, 2: 3, 233: 233}|( { t = 0 & -a + b >= -63 & b >= 0 & a - b >= 1 } { t = 0 & -a + b > -1 & b >= 0 & a - b >= -61 & a >= 0 } )|243
479|{3: 11, 237: 242, 236: 232, 232: 236, 10: 10, 242: 237, 11: 2, 0: 0, 2: 3, 233: 233}|( { t = 0 & -a + b >= -63 & b >= 0 & a - b >= 1 } { t = 0 & -a + b > -1 & b >= 0 & a - b >= -61 & a >= 0 } )|482
481|{3: 11, 237: 237, 236: 232, 232: 236, 10: 10, 242: 242, 11: 2, 0: 0, 2: 3, 233: 233}|( { t = 0 & -a + b >= -63 & b >= 0 & a - b >= 1 } { t = 0 & -a + b > -1 & b >= 0 & a - b >= -61 & a >= 0 } )|482
482|{3: 242, 237: 237, 236: 232, 232: 236, 10: 10, 242: 3, 11: 2, 0: 0, 2: 11, 233: 233}|( { t = 0 & -a + b >= -63 & b >= 0 & a - b >= 1 } { t = 0 & -a + b > -1 & b >= 0 & a - b >= -61 & a >= 0 } )|243
483|{3: 237, 237: 242, 236: 232, 232: 236, 10: 10, 242: 3, 11: 2, 0: 0, 2: 11, 233: 233}|( { t = 0 & -a + b >= -63 & b >= 0 & a - b >= 1 } { t = 0 & -a + b > -1 & b >= 0 & a - b >= -61 & a >= 0 } )|243
484|{3: 242, 237: 3, 236: 232, 232: 236, 10: 10, 242: 237, 11: 2, 0: 0, 2: 11, 233: 233}|( { t = 0 & -a + b >= -63 & b >= 0 & a - b >= 1 } { t = 0 & -a + b > -1 & b >= 0 & a - b >= -61 & a >= 0 } )|245
485|{3: 3, 237: 242, 236: 232, 232: 236, 10: 10, 242: 237, 11: 2, 0: 0, 2: 11, 233: 233}|( { t = 0 & -a + b >= -63 & b >= 0 & a - b >= 1 } { t = 0 & -a + b > -1 & b >= 0 & a - b >= -61 & a >= 0 } )|243
486|{3: 237, 237: 3, 236: 232, 232: 236, 10: 10, 242: 242, 11: 2, 0: 0, 2: 11, 233: 233}|( { t = 0 & -a + b >= -63 & b >= 0 & a - b >= 1 } { t = 0 & -a + b > -1 & b >= 0 & a - b >= -61 & a >= 0 } )|243
487|{3: 3, 237: 237, 236: 232, 232: 236, 10: 10, 242: 242, 11: 2, 0: 0, 2: 11, 233: 233}|( { t = 0 & -a + b >= -63 & b >= 0 & a - b >= 1 } { t = 0 & -a + b > -1 & b >= 0 & a - b >= -61 & a >= 0 } )|243
496|{3: 237, 237: 3, 236: 232, 232: 236, 10: 10, 242: 11, 11: 2, 0: 0, 2: 242, 233: 233}|( { t = 0 & -a + b >= -63 & b >= 0 & a - b >= 1 } { t = 0 & -a + b > -1 & b >= 0 & a - b >= -61 & a >= 0 } )|245
497|{3: 3, 237: 237, 236: 232, 232: 236, 10: 10, 242: 11, 11: 2, 0: 0, 2: 242, 233: 233}|( { t = 0 & -a + b >= -63 & b >= 0 & a - b >= 1 } { t = 0 & -a + b > -1 & b >= 0 & a - b >= -61 & a >= 0 } )|245
599|{3: 11, 237: 242, 236: 232, 232: 236, 10: 10, 242: 237, 11: 3, 0: 0, 2: 2, 233: 233}|( { t = 0 & -a + b >= -63 & b >= 0 & a - b >= 1 } { t = 0 & -a + b > -1 & b >= 0 & a - b >= -61 & a >= 0 } )|243
601|{3: 11, 237: 237, 236: 232, 232: 236, 10: 10, 242: 242, 11: 3, 0: 0, 2: 2, 233: 233}|( { t = 0 & -a + b >= -63 & b >= 0 & a - b >= 1 } { t = 0 & -a + b > -1 & b >= 0 & a - b >= -61 & a >= 0 } )|243
608|{3: 242, 237: 11, 236: 232, 232: 236, 10: 10, 242: 2, 11: 3, 0: 0, 2: 237, 233: 233}|( { t = 0 & -a + b >= -63 & b >= 0 & a - b >= 1 } { t = 0 & -a + b > -1 & b >= 0 & a - b >= -61 & a >= 0 } )|245
609|{3: 11, 237: 242, 236: 232, 232: 236, 10: 10, 242: 2, 11: 3, 0: 0, 2: 237, 233: 233}|( { t = 0 & -a + b >= -63 & b >= 0 & a - b >= 1 } { t = 0 & -a + b > -1 & b >= 0 & a - b >= -61 & a >= 0 } )|248
612|{3: 11, 237: 2, 236: 232, 232: 236, 10: 10, 242: 242, 11: 3, 0: 0, 2: 237, 233: 233}|( { t = 0 & -a + b >= -63 & b >= 0 & a - b >= 1 } { t = 0 & -a + b > -1 & b >= 0 & a - b >= -61 & a >= 0 } )|243
613|{3: 2, 237: 11, 236: 232, 232: 236, 10: 10, 242: 242, 11: 3, 0: 0, 2: 237, 233: 233}|( { t = 0 & -a + b >= -63 & b >= 0 & a - b >= 1 } { t = 0 & -a + b > -1 & b >= 0 & a - b >= -61 & a >= 0 } )|243
615|{3: 11, 237: 237, 236: 232, 232: 236, 10: 10, 242: 2, 11: 3, 0: 0, 2: 242, 233: 233}|( { t = 0 & -a + b >= -63 & b >= 0 & a - b >= 1 } { t = 0 & -a + b > -1 & b >= 0 & a - b >= -61 & a >= 0 } )|243
617|{3: 2, 237: 237, 236: 232, 232: 236, 10: 10, 242: 11, 11: 3, 0: 0, 2: 242, 233: 233}|( { t = 0 & -a + b >= -63 & b >= 0 & a - b >= 1 } { t = 0 & -a + b > -1 & b >= 0 & a - b >= -61 & a >= 0 } )|243
716|{3: 242, 237: 237, 236: 232, 232: 236, 10: 10, 242: 3, 11: 11, 0: 0, 2: 2, 233: 233}|( { t = 0 & -a + b >= -63 & b >= 0 & a - b >= 1 } { t = 0 & -a + b > -1 & b >= 0 & a - b >= -61 & a >= 0 } )|243
717|{3: 237, 237: 242, 236: 232, 232: 236, 10: 10, 242: 3, 11: 11, 0: 0, 2: 2, 233: 233}|( { t = 0 & -a + b >= -63 & b >= 0 & a - b >= 1 } { t = 0 & -a + b > -1 & b >= 0 & a - b >= -61 & a >= 0 } )|243
718|{3: 242, 237: 3, 236: 232, 232: 236, 10: 10, 242: 237, 11: 11, 0: 0, 2: 2, 233: 233}|( { t = 0 & -a + b >= -63 & b >= 0 & a - b >= 1 } { t = 0 & -a + b > -1 & b >= 0 & a - b >= -61 & a >= 0 } )|245
719|{3: 3, 237: 242, 236: 232, 232: 236, 10: 10, 242: 237, 11: 11, 0: 0, 2: 2, 233: 233}|( { t = 0 & -a + b >= -63 & b >= 0 & a - b >= 1 } { t = 0 & -a + b > -1 & b >= 0 & a - b >= -61 & a >= 0 } )|243
720|{3: 237, 237: 3, 236: 232, 232: 236, 10: 10, 242: 242, 11: 11, 0: 0, 2: 2, 233: 233}|( { t = 0 & -a + b >= -63 & b >= 0 & a - b >= 1 } { t = 0 & -a + b > -1 & b >= 0 & a - b >= -61 & a >= 0 } )|243
721|{3: 3, 237: 237, 236: 232, 232: 236, 10: 10, 242: 242, 11: 11, 0: 0, 2: 2, 233: 233}|( { t = 0 & -a + b >= -63 & b >= 0 & a - b >= 1 } { t = 0 & -a + b > -1 & b >= 0 & a - b >= -61 & a >= 0 } )|243
722|{3: 242, 237: 237, 236: 232, 232: 236, 10: 10, 242: 2, 11: 11, 0: 0, 2: 3, 233: 233}|( { t = 0 & -a + b >= -63 & b >= 0 & a - b >= 1 } { t = 0 & -a + b > -1 & b >= 0 & a - b >= -61 & a >= 0 } )|245
724|{3: 242, 237: 2, 236: 232, 232: 236, 10: 10, 242: 237, 11: 11, 0: 0, 2: 3, 233: 233}|( { t = 0 & -a + b >= -63 & b >= 0 & a - b >= 1 } { t = 0 & -a + b > -1 & b >= 0 & a - b >= -61 & a >= 0 } )|245
725|{3: 2, 237: 242, 236: 232, 232: 236, 10: 10, 242: 237, 11: 11, 0: 0, 2: 3, 233: 233}|( { t = 0 & -a + b >= -63 & b >= 0 & a - b >= 1 } { t = 0 & -a + b > -1 & b >= 0 & a - b >= -61 & a >= 0 } )|243
727|{3: 2, 237: 237, 236: 232, 232: 236, 10: 10, 242: 242, 11: 11, 0: 0, 2: 3, 233: 233}|( { t = 0 & -a + b >= -63 & b >= 0 & a - b >= 1 } { t = 0 & -a + b > -1 & b >= 0 & a - b >= -61 & a >= 0 } )|243
728|{3: 242, 237: 3, 236: 232, 232: 236, 10: 10, 242: 2, 11: 11, 0: 0, 2: 237, 233: 233}|( { t = 0 & -a + b >= -63 & b >= 0 & a - b >= 1 } { t = 0 & -a + b > -1 & b >= 0 & a - b >= -61 & a >= 0 } )|486
729|{3: 3, 237: 242, 236: 232, 232: 236, 10: 10, 242: 2, 11: 11, 0: 0, 2: 237, 233: 233}|( { t = 0 & -a + b >= -63 & b >= 0 & a - b >= 1 } { t = 0 & -a + b > -1 & b >= 0 & a - b >= -61 & a >= 0 } )|248
730|{3: 242, 237: 2, 236: 232, 232: 236, 10: 10, 242: 3, 11: 11, 0: 0, 2: 237, 233: 233}|( { t = 0 & -a + b >= -63 & b >= 0 & a - b >= 1 } { t = 0 & -a + b > -1 & b >= 0 & a - b >= -61 & a >= 0 } )|243
731|{3: 2, 237: 242, 236: 232, 232: 236, 10: 10, 242: 3, 11: 11, 0: 0, 2: 237, 233: 233}|( { t = 0 & -a + b >= -63 & b >= 0 & a - b >= 1 } { t = 0 & -a + b > -1 & b >= 0 & a - b >= -61 & a >= 0 } )|245
732|{3: 3, 237: 2, 236: 232, 232: 236, 10: 10, 242: 242, 11: 11, 0: 0, 2: 237, 233: 233}|( { t = 0 & -a + b >= -63 & b >= 0 & a - b >= 1 } { t = 0 & -a + b > -1 & b >= 0 & a - b >= -61 & a >= 0 } )|243
733|{3: 2, 237: 3, 236: 232, 232: 236, 10: 10, 242: 242, 11: 11, 0: 0, 2: 237, 233: 233}|( { t = 0 & -a + b >= -63 & b >= 0 & a - b >= 1 } { t = 0 & -a + b > -1 & b >= 0 & a - b >= -61 & a >= 0 } )|488
734|{3: 237, 237: 3, 236: 232, 232: 236, 10: 10, 242: 2, 11: 11, 0: 0, 2: 242, 233: 233}|( { t = 0 & -a + b >= -63 & b >= 0 & a - b >= 1 } { t = 0 & -a + b > -1 & b >= 0 & a - b >= -61 & a >= 0 } )|243
735|{3: 3, 237: 237, 236: 232, 232: 236, 10: 10, 242: 2, 11: 11, 0: 0, 2: 242, 233: 233}|( { t = 0 & -a + b >= -63 & b >= 0 & a - b >= 1 } { t = 0 & -a + b > -1 & b >= 0 & a - b >= -61 & a >= 0 } )|243
736|{3: 237, 237: 2, 236: 232, 232: 236, 10: 10, 242: 3, 11: 11, 0: 0, 2: 242, 233: 233}|( { t = 0 & -a + b >= -63 & b >= 0 & a - b >= 1 } { t = 0 & -a + b > -1 & b >= 0 & a - b >= -61 & a >= 0 } )|486
737|{3: 2, 237: 237, 236: 232, 232: 236, 10: 10, 242: 3, 11: 11, 0: 0, 2: 242, 233: 233}|( { t = 0 & -a + b >= -63 & b >= 0 & a - b >= 1 } { t = 0 & -a + b > -1 & b >= 0 & a - b >= -61 & a >= 0 } )|482
980|{3: 242, 237: 11, 236: 232, 232: 236, 10: 10, 242: 3, 11: 237, 0: 0, 2: 2, 233: 233}|( { t = 0 & -a + b >= -63 & b >= 0 & a - b >= 1 } { t = 0 & -a + b > -1 & b >= 0 & a - b >= -61 & a >= 0 } )|243
985|{3: 3, 237: 11, 236: 232, 232: 236, 10: 10, 242: 242, 11: 237, 0: 0, 2: 2, 233: 233}|( { t = 0 & -a + b >= -63 & b >= 0 & a - b >= 1 } { t = 0 & -a + b > -1 & b >= 0 & a - b >= -61 & a >= 0 } )|243
986|{3: 242, 237: 11, 236: 232, 232: 236, 10: 10, 242: 2, 11: 237, 0: 0, 2: 3, 233: 233}|( { t = 0 & -a + b >= -63 & b >= 0 & a - b >= 1 } { t = 0 & -a + b > -1 & b >= 0 & a - b >= -61 & a >= 0 } )|245
987|{3: 11, 237: 242, 236: 232, 232: 236, 10: 10, 242: 2, 11: 237, 0: 0, 2: 3, 233: 233}|( { t = 0 & -a + b >= -63 & b >= 0 & a - b >= 1 } { t = 0 & -a + b > -1 & b >= 0 & a - b >= -61 & a >= 0 } )|248
990|{3: 11, 237: 2, 236: 232, 232: 236, 10: 10, 242: 242, 11: 237, 0: 0, 2: 3, 233: 233}|( { t = 0 & -a + b >= -63 & b >= 0 & a - b >= 1 } { t = 0 & -a + b > -1 & b >= 0 & a - b >= -61 & a >= 0 } )|243
991|{3: 2, 237: 11, 236: 232, 232: 236, 10: 10, 242: 242, 11: 237, 0: 0, 2: 3, 233: 233}|( { t = 0 & -a + b >= -63 & b >= 0 & a - b >= 1 } { t = 0 & -a + b > -1 & b >= 0 & a - b >= -61 & a >= 0 } )|243
999|{3: 3, 237: 11, 236: 232, 232: 236, 10: 10, 242: 2, 11: 237, 0: 0, 2: 242, 233: 233}|( { t = 0 & -a + b >= -63 & b >= 0 & a - b >= 1 } { t = 0 & -a + b > -1 & b >= 0 & a - b >= -61 & a >= 0 } )|243
1001|{3: 2, 237: 11, 236: 232, 232: 236, 10: 10, 242: 3, 11: 237, 0: 0, 2: 242, 233: 233}|( { t = 0 & -a + b >= -63 & b >= 0 & a - b >= 1 } { t = 0 & -a + b > -1 & b >= 0 & a - b >= -61 & a >= 0 } )|482
1002|{3: 3, 237: 2, 236: 232, 232: 236, 10: 10, 242: 11, 11: 237, 0: 0, 2: 242, 233: 233}|( { t = 0 & -a + b >= -63 & b >= 0 & a - b >= 1 } { t = 0 & -a + b > -1 & b >= 0 & a - b >= -61 & a >= 0 } )|245
1003|{3: 2, 237: 3, 236: 232, 232: 236, 10: 10, 242: 11, 11: 237, 0: 0, 2: 242, 233: 233}|( { t = 0 & -a + b >= -63 & b >= 0 & a - b >= 1 } { t = 0 & -a + b > -1 & b >= 0 & a - b >= -61 & a >= 0 } )|488
1102|{3: 237, 237: 3, 236: 232, 232: 236, 10: 10, 242: 11, 11: 242, 0: 0, 2: 2, 233: 233}|( { t = 0 & -a + b >= -63 & b >= 0 & a - b >= 1 } { t = 0 & -a + b > -1 & b >= 0 & a - b >= -61 & a >= 0 } )|243
1103|{3: 3, 237: 237, 236: 232, 232: 236, 10: 10, 242: 11, 11: 242, 0: 0, 2: 2, 233: 233}|( { t = 0 & -a + b >= -63 & b >= 0 & a - b >= 1 } { t = 0 & -a + b > -1 & b >= 0 & a - b >= -61 & a >= 0 } )|243
1107|{3: 11, 237: 237, 236: 232, 232: 236, 10: 10, 242: 2, 11: 242, 0: 0, 2: 3, 233: 233}|( { t = 0 & -a + b >= -63 & b >= 0 & a - b >= 1 } { t = 0 & -a + b > -1 & b >= 0 & a - b >= -61 & a >= 0 } )|243
1109|{3: 2, 237: 237, 236: 232, 232: 236, 10: 10, 242: 11, 11: 242, 0: 0, 2: 3, 233: 233}|( { t = 0 & -a + b >= -63 & b >= 0 & a - b >= 1 } { t = 0 & -a + b > -1 & b >= 0 & a - b >= -61 & a >= 0 } )|243
1119|{3: 3, 237: 11, 236: 232, 232: 236, 10: 10, 242: 2, 11: 242, 0: 0, 2: 237, 233: 233}|( { t = 0 & -a + b >= -63 & b >= 0 & a - b >= 1 } { t = 0 & -a + b > -1 & b >= 0 & a - b >= -61 & a >= 0 } )|245
1121|{3: 2, 237: 11, 236: 232, 232: 236, 10: 10, 242: 3, 11: 242, 0: 0, 2: 237, 233: 233}|( { t = 0 & -a + b >= -63 & b >= 0 & a - b >= 1 } { t = 0 & -a + b > -1 & b >= 0 & a - b >= -61 & a >= 0 } )|486
1122|{3: 3, 237: 2, 236: 232, 232: 236, 10: 10, 242: 11, 11: 242, 0: 0, 2: 237, 233: 233}|( { t = 0 & -a + b >= -63 & b >= 0 & a - b >= 1 } { t = 0 & -a + b > -1 & b >= 0 & a - b >= -61 & a >= 0 } )|243
1123|{3: 2, 237: 3, 236: 232, 232: 236, 10: 10, 242: 11, 11: 242, 0: 0, 2: 237, 233: 233}|( { t = 0 & -a + b >= -63 & b >= 0 & a - b >= 1 } { t = 0 & -a + b > -1 & b >= 0 & a - b >= -61 & a >= 0 } )|488
1152|{3: 236, 237: 232, 236: 3, 232: 237, 10: 10, 242: 242, 11: 2, 0: 0, 2: 11, 233: 233}|( { t = 0 & -a + b >= -63 & b >= 0 & a - b >= 1 } { t = 0 & -a + b > -1 & b >= 0 & a - b >= -61 & a >= 0 } )|243
1166|{3: 236, 237: 232, 236: 3, 232: 237, 10: 10, 242: 11, 11: 2, 0: 0, 2: 242, 233: 233}|( { t = 0 & -a + b >= -63 & b >= 0 & a - b >= 1 } { t = 0 & -a + b > -1 & b >= 0 & a - b >= -61 & a >= 0 } )|245
1225|{3: 11, 237: 232, 236: 236, 232: 237, 10: 10, 242: 242, 11: 2, 0: 0, 2: 3, 233: 233}|( { t = 0 & -a + b >= -63 & b >= 0 & a - b >= 1 } { t = 0 & -a + b > -1 & b >= 0 & a - b >= -61 & a >= 0 } )|482
1226|{3: 242, 237: 232, 236: 236, 232: 237, 10: 10, 242: 3, 11: 2, 0: 0, 2: 11, 233: 233}|( { t = 0 & -a + b >= -63 & b >= 0 & a - b >= 1 } { t = 0 & -a + b > -1 & b >= 0 & a - b >= -61 & a >= 0 } )|243
1231|{3: 3, 237: 232, 236: 236, 232: 237, 10: 10, 242: 242, 11: 2, 0: 0, 2: 11, 233: 233}|( { t = 0 & -a + b >= -63 & b >= 0 & a - b >= 1 } { t = 0 & -a + b > -1 & b >= 0 & a - b >= -61 & a >= 0 } )|243
1241|{3: 3, 237: 232, 236: 236, 232: 237, 10: 10, 242: 11, 11: 2, 0: 0, 2: 242, 233: 233}|( { t = 0 & -a + b >= -63 & b >= 0 & a - b >= 1 } { t = 0 & -a + b > -1 & b >= 0 & a - b >= -61 & a >= 0 } )|245
1249|{3: 11, 237: 232, 236: 242, 232: 237, 10: 10, 242: 236, 11: 2, 0: 0, 2: 3, 233: 233}|( { t = 0 & -a + b >= -63 & b >= 0 & a - b >= 1 } { t = 0 & -a + b > -1 & b >= 0 & a - b >= -61 & a >= 0 } )|482
1255|{3: 3, 237: 232, 236: 242, 232: 237, 10: 10, 242: 236, 11: 2, 0: 0, 2: 11, 233: 233}|( { t = 0 & -a + b >= -63 & b >= 0 & a - b >= 1 } { t = 0 & -a + b > -1 & b >= 0 & a - b >= -61 & a >= 0 } )|243
1285|{3: 11, 237: 232, 236: 2, 232: 237, 10: 10, 242: 242, 11: 3, 0: 0, 2: 236, 233: 233}|( { t = 0 & -a + b >= -63 & b >= 0 & a - b >= 1 } { t = 0 & -a + b > -1 & b >= 0 & a - b >= -61 & a >= 0 } )|243
1345|{3: 11, 237: 232, 236: 236, 232: 237, 10: 10, 242: 242, 11: 3, 0: 0, 2: 2, 233: 233}|( { t = 0 & -a + b >= -63 & b >= 0 & a - b >= 1 } { t = 0 & -a + b > -1 & b >= 0 & a - b >= -61 & a >= 0 } )|243
1359|{3: 11, 237: 232, 236: 236, 232: 237, 10: 10, 242: 2, 11: 3, 0: 0, 2: 242, 233: 233}|( { t = 0 & -a + b >= -63 & b >= 0 & a - b >= 1 } { t = 0 & -a + b > -1 & b >= 0 & a - b >= -61 & a >= 0 } )|243
1361|{3: 2, 237: 232, 236: 236, 232: 237, 10: 10, 242: 11, 11: 3, 0: 0, 2: 242, 233: 233}|( { t = 0 & -a + b >= -63 & b >= 0 & a - b >= 1 } { t = 0 & -a + b > -1 & b >= 0 & a - b >= -61 & a >= 0 } )|243
1369|{3: 11, 237: 232, 236: 242, 232: 237, 10: 10, 242: 236, 11: 3, 0: 0, 2: 2, 233: 233}|( { t = 0 & -a + b >= -63 & b >= 0 & a - b >= 1 } { t = 0 & -a + b > -1 & b >= 0 & a - b >= -61 & a >= 0 } )|243
1400|{3: 242, 237: 232, 236: 2, 232: 237, 10: 10, 242: 3, 11: 11, 0: 0, 2: 236, 233: 233}|( { t = 0 & -a + b >= -63 & b >= 0 & a - b >= 1 } { t = 0 & -a + b > -1 & b >= 0 & a - b >= -61 & a >= 0 } )|243
1405|{3: 3, 237: 232, 236: 2, 232: 237, 10: 10, 242: 242, 11: 11, 0: 0, 2: 236, 233: 233}|( { t = 0 & -a + b >= -63 & b >= 0 & a - b >= 1 } { t = 0 & -a + b > -1 & b >= 0 & a - b >= -61 & a >= 0 } )|243
1416|{3: 236, 237: 232, 236: 3, 232: 237, 10: 10, 242: 242, 11: 11, 0: 0, 2: 2, 233: 233}|( { t = 0 & -a + b >= -63 & b >= 0 & a - b >= 1 } { t = 0 & -a + b > -1 & b >= 0 & a - b >= -61 & a >= 0 } )|243
1430|{3: 236, 237: 232, 236: 3, 232: 237, 10: 10, 242: 2, 11: 11, 0: 0, 2: 242, 233: 233}|( { t = 0 & -a + b >= -63 & b >= 0 & a - b >= 1 } { t = 0 & -a + b > -1 & b >= 0 & a - b >= -61 & a >= 0 } )|243
1460|{3: 242, 237: 232, 236: 236, 232: 237, 10: 10, 242: 3, 11: 11, 0: 0, 2: 2, 233: 233}|( { t = 0 & -a + b >= -63 & b >= 0 & a - b >= 1 } { t = 0 & -a + b > -1 & b >= 0 & a - b >= -61 & a >= 0 } )|243
1465|{3: 3, 237: 232, 236: 236, 232: 237, 10: 10, 242: 242, 11: 11, 0: 0, 2: 2, 233: 233}|( { t = 0 & -a + b >= -63 & b >= 0 & a - b >= 1 } { t = 0 & -a + b > -1 & b >= 0 & a - b >= -61 & a >= 0 } )|243
1466|{3: 242, 237: 232, 236: 236, 232: 237, 10: 10, 242: 2, 11: 11, 0: 0, 2: 3, 233: 233}|( { t = 0 & -a + b >= -63 & b >= 0 & a - b >= 1 } { t = 0 & -a + b > -1 & b >= 0 & a - b >= -61 & a >= 0 } )|245
1471|{3: 2, 237: 232, 236: 236, 232: 237, 10: 10, 242: 242, 11: 11, 0: 0, 2: 3, 233: 233}|( { t = 0 & -a + b >= -63 & b >= 0 & a - b >= 1 } { t = 0 & -a + b > -1 & b >= 0 & a - b >= -61 & a >= 0 } )|243
1479|{3: 3, 237: 232, 236: 236, 232: 237, 10: 10, 242: 2, 11: 11, 0: 0, 2: 242, 233: 233}|( { t = 0 & -a + b >= -63 & b >= 0 & a - b >= 1 } { t = 0 & -a + b > -1 & b >= 0 & a - b >= -61 & a >= 0 } )|243
1481|{3: 2, 237: 232, 236: 236, 232: 237, 10: 10, 242: 3, 11: 11, 0: 0, 2: 242, 233: 233}|( { t = 0 & -a + b >= -63 & b >= 0 & a - b >= 1 } { t = 0 & -a + b > -1 & b >= 0 & a - b >= -61 & a >= 0 } )|482
1489|{3: 3, 237: 232, 236: 242, 232: 237, 10: 10, 242: 236, 11: 11, 0: 0, 2: 2, 233: 233}|( { t = 0 & -a + b >= -63 & b >= 0 & a - b >= 1 } { t = 0 & -a + b > -1 & b >= 0 & a - b >= -61 & a >= 0 } )|243
1495|{3: 2, 237: 232, 236: 242, 232: 237, 10: 10, 242: 236, 11: 11, 0: 0, 2: 3, 233: 233}|( { t = 0 & -a + b >= -63 & b >= 0 & a - b >= 1 } { t = 0 & -a + b > -1 & b >= 0 & a - b >= -61 & a >= 0 } )|243
1676|{3: 242, 237: 232, 236: 11, 232: 237, 10: 10, 242: 3, 11: 236, 0: 0, 2: 2, 233: 233}|( { t = 0 & -a + b >= -63 & b >= 0 & a - b >= 1 } { t = 0 & -a + b > -1 & b >= 0 & a - b >= -61 & a >= 0 } )|243
1681|{3: 3, 237: 232, 236: 11, 232: 237, 10: 10, 242: 242, 11: 236, 0: 0, 2: 2, 233: 233}|( { t = 0 & -a + b >= -63 & b >= 0 & a - b >= 1 } { t = 0 & -a + b > -1 & b >= 0 & a - b >= -61 & a >= 0 } )|243
1682|{3: 242, 237: 232, 236: 11, 232: 237, 10: 10, 242: 2, 11: 236, 0: 0, 2: 3, 233: 233}|( { t = 0 & -a + b >= -63 & b >= 0 & a - b >= 1 } { t = 0 & -a + b > -1 & b >= 0 & a - b >= -61 & a >= 0 } )|245
1687|{3: 2, 237: 232, 236: 11, 232: 237, 10: 10, 242: 242, 11: 236, 0: 0, 2: 3, 233: 233}|( { t = 0 & -a + b >= -63 & b >= 0 & a - b >= 1 } { t = 0 & -a + b > -1 & b >= 0 & a - b >= -61 & a >= 0 } )|243
1695|{3: 3, 237: 232, 236: 11, 232: 237, 10: 10, 242: 2, 11: 236, 0: 0, 2: 242, 233: 233}|( { t = 0 & -a + b >= -63 & b >= 0 & a - b >= 1 } { t = 0 & -a + b > -1 & b >= 0 & a - b >= -61 & a >= 0 } )|243
1697|{3: 2, 237: 232, 236: 11, 232: 237, 10: 10, 242: 3, 11: 236, 0: 0, 2: 242, 233: 233}|( { t = 0 & -a + b >= -63 & b >= 0 & a - b >= 1 } { t = 0 & -a + b > -1 & b >= 0 & a - b >= -61 & a >= 0 } )|482
1769|{3: 3, 237: 232, 236: 2, 232: 237, 10: 10, 242: 11, 11: 242, 0: 0, 2: 236, 233: 233}|( { t = 0 & -a + b >= -63 & b >= 0 & a - b >= 1 } { t = 0 & -a + b > -1 & b >= 0 & a - b >= -61 & a >= 0 } )|243
1772|{3: 236, 237: 232, 236: 3, 232: 237, 10: 10, 242: 11, 11: 242, 0: 0, 2: 2, 233: 233}|( { t = 0 & -a + b >= -63 & b >= 0 & a - b >= 1 } { t = 0 & -a + b > -1 & b >= 0 & a - b >= -61 & a >= 0 } )|243
1847|{3: 3, 237: 232, 236: 236, 232: 237, 10: 10, 242: 11, 11: 242, 0: 0, 2: 2, 233: 233}|( { t = 0 & -a + b >= -63 & b >= 0 & a - b >= 1 } { t = 0 & -a + b > -1 & b >= 0 & a - b >= -61 & a >= 0 } )|243
1851|{3: 11, 237: 232, 236: 236, 232: 237, 10: 10, 242: 2, 11: 242, 0: 0, 2: 3, 233: 233}|( { t = 0 & -a + b >= -63 & b >= 0 & a - b >= 1 } { t = 0 & -a + b > -1 & b >= 0 & a - b >= -61 & a >= 0 } )|243
1853|{3: 2, 237: 232, 236: 236, 232: 237, 10: 10, 242: 11, 11: 242, 0: 0, 2: 3, 233: 233}|( { t = 0 & -a + b >= -63 & b >= 0 & a - b >= 1 } { t = 0 & -a + b > -1 & b >= 0 & a - b >= -61 & a >= 0 } )|243
1869|{3: 236, 237: 237, 236: 3, 232: 242, 10: 10, 242: 232, 11: 2, 0: 0, 2: 11, 233: 233}|( { t = 0 & -a + b >= -63 & b >= 0 & a - b >= 1 } { t = 0 & -a + b > -1 & b >= 0 & a - b >= -61 & a >= 0 } )|243
1943|{3: 11, 237: 237, 236: 236, 232: 242, 10: 10, 242: 232, 11: 2, 0: 0, 2: 3, 233: 233}|( { t = 0 & -a + b >= -63 & b >= 0 & a - b >= 1 } { t = 0 & -a + b > -1 & b >= 0 & a - b >= -61 & a >= 0 } )|482
1948|{3: 237, 237: 3, 236: 236, 232: 242, 10: 10, 242: 232, 11: 2, 0: 0, 2: 11, 233: 233}|( { t = 0 & -a + b >= -63 & b >= 0 & a - b >= 1 } { t = 0 & -a + b > -1 & b >= 0 & a - b >= -61 & a >= 0 } )|243
1949|{3: 3, 237: 237, 236: 236, 232: 242, 10: 10, 242: 232, 11: 2, 0: 0, 2: 11, 233: 233}|( { t = 0 & -a + b >= -63 & b >= 0 & a - b >= 1 } { t = 0 & -a + b > -1 & b >= 0 & a - b >= -61 & a >= 0 } )|243
1967|{3: 11, 237: 236, 236: 237, 232: 242, 10: 10, 242: 232, 11: 2, 0: 0, 2: 3, 233: 233}|( { t = 0 & -a + b >= -63 & b >= 0 & a - b >= 1 } { t = 0 & -a + b > -1 & b >= 0 & a - b >= -61 & a >= 0 } )|482
1973|{3: 3, 237: 236, 236: 237, 232: 242, 10: 10, 242: 232, 11: 2, 0: 0, 2: 11, 233: 233}|( { t = 0 & -a + b >= -63 & b >= 0 & a - b >= 1 } { t = 0 & -a + b > -1 & b >= 0 & a - b >= -61 & a >= 0 } )|243
2003|{3: 11, 237: 237, 236: 2, 232: 242, 10: 10, 242: 232, 11: 3, 0: 0, 2: 236, 233: 233}|( { t = 0 & -a + b >= -63 & b >= 0 & a - b >= 1 } { t = 0 & -a + b > -1 & b >= 0 & a - b >= -61 & a >= 0 } )|243
2063|{3: 11, 237: 237, 236: 236, 232: 242, 10: 10, 242: 232, 11: 3, 0: 0, 2: 2, 233: 233}|( { t = 0 & -a + b >= -63 & b >= 0 & a - b >= 1 } { t = 0 & -a + b > -1 & b >= 0 & a - b >= -61 & a >= 0 } )|243
2082|{3: 11, 237: 2, 236: 236, 232: 242, 10: 10, 242: 232, 11: 3, 0: 0, 2: 237, 233: 233}|( { t = 0 & -a + b >= -63 & b >= 0 & a - b >= 1 } { t = 0 & -a + b > -1 & b >= 0 & a - b >= -61 & a >= 0 } )|243
2083|{3: 2, 237: 11, 236: 236, 232: 242, 10: 10, 242: 232, 11: 3, 0: 0, 2: 237, 233: 233}|( { t = 0 & -a + b >= -63 & b >= 0 & a - b >= 1 } { t = 0 & -a + b > -1 & b >= 0 & a - b >= -61 & a >= 0 } )|243
2087|{3: 11, 237: 236, 236: 237, 232: 242, 10: 10, 242: 232, 11: 3, 0: 0, 2: 2, 233: 233}|( { t = 0 & -a + b >= -63 & b >= 0 & a - b >= 1 } { t = 0 & -a + b > -1 & b >= 0 & a - b >= -61 & a >= 0 } )|243
2122|{3: 237, 237: 3, 236: 2, 232: 242, 10: 10, 242: 232, 11: 11, 0: 0, 2: 236, 233: 233}|( { t = 0 & -a + b >= -63 & b >= 0 & a - b >= 1 } { t = 0 & -a + b > -1 & b >= 0 & a - b >= -61 & a >= 0 } )|243
2123|{3: 3, 237: 237, 236: 2, 232: 242, 10: 10, 242: 232, 11: 11, 0: 0, 2: 236, 233: 233}|( { t = 0 & -a + b >= -63 & b >= 0 & a - b >= 1 } { t = 0 & -a + b > -1 & b >= 0 & a - b >= -61 & a >= 0 } )|243
2133|{3: 236, 237: 237, 236: 3, 232: 242, 10: 10, 242: 232, 11: 11, 0: 0, 2: 2, 233: 233}|( { t = 0 & -a + b >= -63 & b >= 0 & a - b >= 1 } { t = 0 & -a + b > -1 & b >= 0 & a - b >= -61 & a >= 0 } )|243
2152|{3: 236, 237: 2, 236: 3, 232: 242, 10: 10, 242: 232, 11: 11, 0: 0, 2: 237, 233: 233}|( { t = 0 & -a + b >= -63 & b >= 0 & a - b >= 1 } { t = 0 & -a + b > -1 & b >= 0 & a - b >= -61 & a >= 0 } )|243
2182|{3: 237, 237: 3, 236: 236, 232: 242, 10: 10, 242: 232, 11: 11, 0: 0, 2: 2, 233: 233}|( { t = 0 & -a + b >= -63 & b >= 0 & a - b >= 1 } { t = 0 & -a + b > -1 & b >= 0 & a - b >= -61 & a >= 0 } )|243
2183|{3: 3, 237: 237, 236: 236, 232: 242, 10: 10, 242: 232, 11: 11, 0: 0, 2: 2, 233: 233}|( { t = 0 & -a + b >= -63 & b >= 0 & a - b >= 1 } { t = 0 & -a + b > -1 & b >= 0 & a - b >= -61 & a >= 0 } )|243
2189|{3: 2, 237: 237, 236: 236, 232: 242, 10: 10, 242: 232, 11: 11, 0: 0, 2: 3, 233: 233}|( { t = 0 & -a + b >= -63 & b >= 0 & a - b >= 1 } { t = 0 & -a + b > -1 & b >= 0 & a - b >= -61 & a >= 0 } )|243
2202|{3: 3, 237: 2, 236: 236, 232: 242, 10: 10, 242: 232, 11: 11, 0: 0, 2: 237, 233: 233}|( { t = 0 & -a + b >= -63 & b >= 0 & a - b >= 1 } { t = 0 & -a + b > -1 & b >= 0 & a - b >= -61 & a >= 0 } )|243
2203|{3: 2, 237: 3, 236: 236, 232: 242, 10: 10, 242: 232, 11: 11, 0: 0, 2: 237, 233: 233}|( { t = 0 & -a + b >= -63 & b >= 0 & a - b >= 1 } { t = 0 & -a + b > -1 & b >= 0 & a - b >= -61 & a >= 0 } )|488
2207|{3: 3, 237: 236, 236: 237, 232: 242, 10: 10, 242: 232, 11: 11, 0: 0, 2: 2, 233: 233}|( { t = 0 & -a + b >= -63 & b >= 0 & a - b >= 1 } { t = 0 & -a + b > -1 & b >= 0 & a - b >= -61 & a >= 0 } )|243
2213|{3: 2, 237: 236, 236: 237, 232: 242, 10: 10, 242: 232, 11: 11, 0: 0, 2: 3, 233: 233}|( { t = 0 & -a + b >= -63 & b >= 0 & a - b >= 1 } { t = 0 & -a + b > -1 & b >= 0 & a - b >= -61 & a >= 0 } )|243
2398|{3: 237, 237: 3, 236: 11, 232: 242, 10: 10, 242: 232, 11: 236, 0: 0, 2: 2, 233: 233}|( { t = 0 & -a + b >= -63 & b >= 0 & a - b >= 1 } { t = 0 & -a + b > -1 & b >= 0 & a - b >= -61 & a >= 0 } )|243
2399|{3: 3, 237: 237, 236: 11, 232: 242, 10: 10, 242: 232, 11: 236, 0: 0, 2: 2, 233: 233}|( { t = 0 & -a + b >= -63 & b >= 0 & a - b >= 1 } { t = 0 & -a + b > -1 & b >= 0 & a - b >= -61 & a >= 0 } )|243
2405|{3: 2, 237: 237, 236: 11, 232: 242, 10: 10, 242: 232, 11: 236, 0: 0, 2: 3, 233: 233}|( { t = 0 & -a + b >= -63 & b >= 0 & a - b >= 1 } { t = 0 & -a + b > -1 & b >= 0 & a - b >= -61 & a >= 0 } )|243
2418|{3: 3, 237: 2, 236: 11, 232: 242, 10: 10, 242: 232, 11: 236, 0: 0, 2: 237, 233: 233}|( { t = 0 & -a + b >= -63 & b >= 0 & a - b >= 1 } { t = 0 & -a + b > -1 & b >= 0 & a - b >= -61 & a >= 0 } )|243
2419|{3: 2, 237: 3, 236: 11, 232: 242, 10: 10, 242: 232, 11: 236, 0: 0, 2: 237, 233: 233}|( { t = 0 & -a + b >= -63 & b >= 0 & a - b >= 1 } { t = 0 & -a + b > -1 & b >= 0 & a - b >= -61 & a >= 0 } )|488
2491|{3: 3, 237: 11, 236: 2, 232: 242, 10: 10, 242: 232, 11: 237, 0: 0, 2: 236, 233: 233}|( { t = 0 & -a + b >= -63 & b >= 0 & a - b >= 1 } { t = 0 & -a + b > -1 & b >= 0 & a - b >= -61 & a >= 0 } )|243
2494|{3: 236, 237: 11, 236: 3, 232: 242, 10: 10, 242: 232, 11: 237, 0: 0, 2: 2, 233: 233}|( { t = 0 & -a + b >= -63 & b >= 0 & a - b >= 1 } { t = 0 & -a + b > -1 & b >= 0 & a - b >= -61 & a >= 0 } )|243
2569|{3: 3, 237: 11, 236: 236, 232: 242, 10: 10, 242: 232, 11: 237, 0: 0, 2: 2, 233: 233}|( { t = 0 & -a + b >= -63 & b >= 0 & a - b >= 1 } { t = 0 & -a + b > -1 & b >= 0 & a - b >= -61 & a >= 0 } )|243
2574|{3: 11, 237: 2, 236: 236, 232: 242, 10: 10, 242: 232, 11: 237, 0: 0, 2: 3, 233: 233}|( { t = 0 & -a + b >= -63 & b >= 0 & a - b >= 1 } { t = 0 & -a + b > -1 & b >= 0 & a - b >= -61 & a >= 0 } )|243
2575|{3: 2, 237: 11, 236: 236, 232: 242, 10: 10, 242: 232, 11: 237, 0: 0, 2: 3, 233: 233}|( { t = 0 & -a + b >= -63 & b >= 0 & a - b >= 1 } { t = 0 & -a + b > -1 & b >= 0 & a - b >= -61 & a >= 0 } )|243
2711|{3: 236, 237: 242, 236: 3, 232: 2, 10: 11, 242: 237, 11: 10, 0: 0, 2: 232, 233: 233}|( { t = 0 & -a + b >= -63 & b >= 0 & a - b >= 1 } { t = 0 & -a + b > -1 & b >= 0 & a - b >= -61 & a >= 0 } )|243
2713|{3: 236, 237: 237, 236: 3, 232: 2, 10: 11, 242: 242, 11: 10, 0: 0, 2: 232, 233: 233}|( { t = 0 & -a + b >= -63 & b >= 0 & a - b >= 1 } { t = 0 & -a + b > -1 & b >= 0 & a - b >= -61 & a >= 0 } )|243
2762|{3: 242, 237: 237, 236: 236, 232: 2, 10: 11, 242: 3, 11: 10, 0: 0, 2: 232, 233: 233}|( { t = 0 & -a + b >= -63 & b >= 0 & a - b >= 1 } { t = 0 & -a + b > -1 & b >= 0 & a - b >= -61 & a >= 0 } )|243
2763|{3: 237, 237: 242, 236: 236, 232: 2, 10: 11, 242: 3, 11: 10, 0: 0, 2: 232, 233: 233}|( { t = 0 & -a + b >= -63 & b >= 0 & a - b >= 1 } { t = 0 & -a + b > -1 & b >= 0 & a - b >= -61 & a >= 0 } )|243
2764|{3: 242, 237: 3, 236: 236, 232: 2, 10: 11, 242: 237, 11: 10, 0: 0, 2: 232, 233: 233}|( { t = 0 & -a + b >= -63 & b >= 0 & a - b >= 1 } { t = 0 & -a + b > -1 & b >= 0 & a - b >= -61 & a >= 0 } )|245
2765|{3: 3, 237: 242, 236: 236, 232: 2, 10: 11, 242: 237, 11: 10, 0: 0, 2: 232, 233: 233}|( { t = 0 & -a + b >= -63 & b >= 0 & a - b >= 1 } { t = 0 & -a + b > -1 & b >= 0 & a - b >= -61 & a >= 0 } )|243
2766|{3: 237, 237: 3, 236: 236, 232: 2, 10: 11, 242: 242, 11: 10, 0: 0, 2: 232, 233: 233}|( { t = 0 & -a + b >= -63 & b >= 0 & a - b >= 1 } { t = 0 & -a + b > -1 & b >= 0 & a - b >= -61 & a >= 0 } )|243
2767|{3: 3, 237: 237, 236: 236, 232: 2, 10: 11, 242: 242, 11: 10, 0: 0, 2: 232, 233: 233}|( { t = 0 & -a + b >= -63 & b >= 0 & a - b >= 1 } { t = 0 & -a + b > -1 & b >= 0 & a - b >= -61 & a >= 0 } )|243
2786|{3: 242, 237: 236, 236: 237, 232: 2, 10: 11, 242: 3, 11: 10, 0: 0, 2: 232, 233: 233}|( { t = 0 & -a + b >= -63 & b >= 0 & a - b >= 1 } { t = 0 & -a + b > -1 & b >= 0 & a - b >= -61 & a >= 0 } )|243
2791|{3: 3, 237: 236, 236: 237, 232: 2, 10: 11, 242: 242, 11: 10, 0: 0, 2: 232, 233: 233}|( { t = 0 & -a + b >= -63 & b >= 0 & a - b >= 1 } { t = 0 & -a + b > -1 & b >= 0 & a - b >= -61 & a >= 0 } )|243
2812|{3: 237, 237: 3, 236: 242, 232: 2, 10: 11, 242: 236, 11: 10, 0: 0, 2: 232, 233: 233}|( { t = 0 & -a + b >= -63 & b >= 0 & a - b >= 1 } { t = 0 & -a + b > -1 & b >= 0 & a - b >= -61 & a >= 0 } )|243
2813|{3: 3, 237: 237, 236: 242, 232: 2, 10: 11, 242: 236, 11: 10, 0: 0, 2: 232, 233: 233}|( { t = 0 & -a + b >= -63 & b >= 0 & a - b >= 1 } { t = 0 & -a + b > -1 & b >= 0 & a - b >= -61 & a >= 0 } )|243
3437|{3: 232, 237: 242, 236: 2, 232: 3, 10: 11, 242: 237, 11: 10, 0: 0, 2: 236, 233: 233}|( { t = 0 & -a + b >= -63 & b >= 0 & a - b >= 1 } { t = 0 & -a + b > -1 & b >= 0 & a - b >= -61 & a >= 0 } )|243
3439|{3: 232, 237: 237, 236: 2, 232: 3, 10: 11, 242: 242, 11: 10, 0: 0, 2: 236, 233: 233}|( { t = 0 & -a + b >= -63 & b >= 0 & a - b >= 1 } { t = 0 & -a + b > -1 & b >= 0 & a - b >= -61 & a >= 0 } )|243
3479|{3: 232, 237: 242, 236: 236, 232: 3, 10: 11, 242: 237, 11: 10, 0: 0, 2: 2, 233: 233}|( { t = 0 & -a + b >= -63 & b >= 0 & a - b >= 1 } { t = 0 & -a + b > -1 & b >= 0 & a - b >= -61 & a >= 0 } )|243
3481|{3: 232, 237: 237, 236: 236, 232: 3, 10: 11, 242: 242, 11: 10, 0: 0, 2: 2, 233: 233}|( { t = 0 & -a + b >= -63 & b >= 0 & a - b >= 1 } { t = 0 & -a + b > -1 & b >= 0 & a - b >= -61 & a >= 0 } )|243
3489|{3: 232, 237: 242, 236: 236, 232: 3, 10: 11, 242: 2, 11: 10, 0: 0, 2: 237, 233: 233}|( { t = 0 & -a + b >= -63 & b >= 0 & a - b >= 1 } { t = 0 & -a + b > -1 & b >= 0 & a - b >= -61 & a >= 0 } )|248
3492|{3: 232, 237: 2, 236: 236, 232: 3, 10: 11, 242: 242, 11: 10, 0: 0, 2: 237, 233: 233}|( { t = 0 & -a + b >= -63 & b >= 0 & a - b >= 1 } { t = 0 & -a + b > -1 & b >= 0 & a - b >= -61 & a >= 0 } )|243
3495|{3: 232, 237: 237, 236: 236, 232: 3, 10: 11, 242: 2, 11: 10, 0: 0, 2: 242, 233: 233}|( { t = 0 & -a + b >= -63 & b >= 0 & a - b >= 1 } { t = 0 & -a + b > -1 & b >= 0 & a - b >= -61 & a >= 0 } )|243
3505|{3: 232, 237: 236, 236: 237, 232: 3, 10: 11, 242: 242, 11: 10, 0: 0, 2: 2, 233: 233}|( { t = 0 & -a + b >= -63 & b >= 0 & a - b >= 1 } { t = 0 & -a + b > -1 & b >= 0 & a - b >= -61 & a >= 0 } )|243
3519|{3: 232, 237: 236, 236: 237, 232: 3, 10: 11, 242: 2, 11: 10, 0: 0, 2: 242, 233: 233}|( { t = 0 & -a + b >= -63 & b >= 0 & a - b >= 1 } { t = 0 & -a + b > -1 & b >= 0 & a - b >= -61 & a >= 0 } )|243
3527|{3: 232, 237: 237, 236: 242, 232: 3, 10: 11, 242: 236, 11: 10, 0: 0, 2: 2, 233: 233}|( { t = 0 & -a + b >= -63 & b >= 0 & a - b >= 1 } { t = 0 & -a + b > -1 & b >= 0 & a - b >= -61 & a >= 0 } )|243
3546|{3: 232, 237: 2, 236: 242, 232: 3, 10: 11, 242: 236, 11: 10, 0: 0, 2: 237, 233: 233}|( { t = 0 & -a + b >= -63 & b >= 0 & a - b >= 1 } { t = 0 & -a + b > -1 & b >= 0 & a - b >= -61 & a >= 0 } )|243
3987|{3: 232, 237: 237, 236: 236, 232: 3, 10: 11, 242: 2, 11: 242, 0: 0, 2: 10, 233: 233}|( { t = 0 & -a + b >= -63 & b >= 0 & a - b >= 1 } { t = 0 & -a + b > -1 & b >= 0 & a - b >= -61 & a >= 0 } )|244
4011|{3: 232, 237: 236, 236: 237, 232: 3, 10: 11, 242: 2, 11: 242, 0: 0, 2: 10, 233: 233}|( { t = 0 & -a + b >= -63 & b >= 0 & a - b >= 1 } { t = 0 & -a + b > -1 & b >= 0 & a - b >= -61 & a >= 0 } )|244
4922|{3: 242, 237: 237, 236: 236, 232: 232, 10: 11, 242: 2, 11: 3, 0: 0, 2: 10, 233: 233}|( { t = 0 & -a + b >= -63 & b >= 0 & a - b >= 1 } { t = 0 & -a + b > -1 & b >= 0 & a - b >= -61 & a >= 0 } )|244
4924|{3: 242, 237: 2, 236: 236, 232: 232, 10: 11, 242: 237, 11: 3, 0: 0, 2: 10, 233: 233}|( { t = 0 & -a + b >= -63 & b >= 0 & a - b >= 1 } { t = 0 & -a + b > -1 & b >= 0 & a - b >= -61 & a >= 0 } )|245
4925|{3: 2, 237: 242, 236: 236, 232: 232, 10: 11, 242: 237, 11: 3, 0: 0, 2: 10, 233: 233}|( { t = 0 & -a + b >= -63 & b >= 0 & a - b >= 1 } { t = 0 & -a + b > -1 & b >= 0 & a - b >= -61 & a >= 0 } )|242
4927|{3: 2, 237: 237, 236: 236, 232: 232, 10: 11, 242: 242, 11: 3, 0: 0, 2: 10, 233: 233}|( { t = 0 & -a + b >= -63 & b >= 0 & a - b >= 1 } { t = 0 & -a + b > -1 & b >= 0 & a - b >= -61 & a >= 0 } )|242
4946|{3: 242, 237: 236, 236: 237, 232: 232, 10: 11, 242: 2, 11: 3, 0: 0, 2: 10, 233: 233}|( { t = 0 & -a + b >= -63 & b >= 0 & a - b >= 1 } { t = 0 & -a + b > -1 & b >= 0 & a - b >= -61 & a >= 0 } )|244
4951|{3: 2, 237: 236, 236: 237, 232: 232, 10: 11, 242: 242, 11: 3, 0: 0, 2: 10, 233: 233}|( { t = 0 & -a + b >= -63 & b >= 0 & a - b >= 1 } { t = 0 & -a + b > -1 & b >= 0 & a - b >= -61 & a >= 0 } )|242
4973|{3: 2, 237: 237, 236: 242, 232: 232, 10: 11, 242: 236, 11: 3, 0: 0, 2: 10, 233: 233}|( { t = 0 & -a + b >= -63 & b >= 0 & a - b >= 1 } { t = 0 & -a + b > -1 & b >= 0 & a - b >= -61 & a >= 0 } )|242
4994|{3: 242, 237: 237, 236: 2, 232: 232, 10: 11, 242: 3, 11: 10, 0: 0, 2: 236, 233: 233}|( { t = 0 & -a + b >= -63 & b >= 0 & a - b >= 1 } { t = 0 & -a + b > -1 & b >= 0 & a - b >= -61 & a >= 0 } )|243
4995|{3: 237, 237: 242, 236: 2, 232: 232, 10: 11, 242: 3, 11: 10, 0: 0, 2: 236, 233: 233}|( { t = 0 & -a + b >= -63 & b >= 0 & a - b >= 1 } { t = 0 & -a + b > -1 & b >= 0 & a - b >= -61 & a >= 0 } )|243
4996|{3: 242, 237: 3, 236: 2, 232: 232, 10: 11, 242: 237, 11: 10, 0: 0, 2: 236, 233: 233}|( { t = 0 & -a + b >= -63 & b >= 0 & a - b >= 1 } { t = 0 & -a + b > -1 & b >= 0 & a - b >= -61 & a >= 0 } )|245
4997|{3: 3, 237: 242, 236: 2, 232: 232, 10: 11, 242: 237, 11: 10, 0: 0, 2: 236, 233: 233}|( { t = 0 & -a + b >= -63 & b >= 0 & a - b >= 1 } { t = 0 & -a + b > -1 & b >= 0 & a - b >= -61 & a >= 0 } )|243
4998|{3: 237, 237: 3, 236: 2, 232: 232, 10: 11, 242: 242, 11: 10, 0: 0, 2: 236, 233: 233}|( { t = 0 & -a + b >= -63 & b >= 0 & a - b >= 1 } { t = 0 & -a + b > -1 & b >= 0 & a - b >= -61 & a >= 0 } )|243
4999|{3: 3, 237: 237, 236: 2, 232: 232, 10: 11, 242: 242, 11: 10, 0: 0, 2: 236, 233: 233}|( { t = 0 & -a + b >= -63 & b >= 0 & a - b >= 1 } { t = 0 & -a + b > -1 & b >= 0 & a - b >= -61 & a >= 0 } )|243
5015|{3: 236, 237: 242, 236: 3, 232: 232, 10: 11, 242: 237, 11: 10, 0: 0, 2: 2, 233: 233}|( { t = 0 & -a + b >= -63 & b >= 0 & a - b >= 1 } { t = 0 & -a + b > -1 & b >= 0 & a - b >= -61 & a >= 0 } )|243
5017|{3: 236, 237: 237, 236: 3, 232: 232, 10: 11, 242: 242, 11: 10, 0: 0, 2: 2, 233: 233}|( { t = 0 & -a + b >= -63 & b >= 0 & a - b >= 1 } { t = 0 & -a + b > -1 & b >= 0 & a - b >= -61 & a >= 0 } )|243
5025|{3: 236, 237: 242, 236: 3, 232: 232, 10: 11, 242: 2, 11: 10, 0: 0, 2: 237, 233: 233}|( { t = 0 & -a + b >= -63 & b >= 0 & a - b >= 1 } { t = 0 & -a + b > -1 & b >= 0 & a - b >= -61 & a >= 0 } )|248
5028|{3: 236, 237: 2, 236: 3, 232: 232, 10: 11, 242: 242, 11: 10, 0: 0, 2: 237, 233: 233}|( { t = 0 & -a + b >= -63 & b >= 0 & a - b >= 1 } { t = 0 & -a + b > -1 & b >= 0 & a - b >= -61 & a >= 0 } )|243
5031|{3: 236, 237: 237, 236: 3, 232: 232, 10: 11, 242: 2, 11: 10, 0: 0, 2: 242, 233: 233}|( { t = 0 & -a + b >= -63 & b >= 0 & a - b >= 1 } { t = 0 & -a + b > -1 & b >= 0 & a - b >= -61 & a >= 0 } )|243
5036|{3: 242, 237: 237, 236: 236, 232: 232, 10: 11, 242: 3, 11: 10, 0: 0, 2: 2, 233: 233}|( { t = 0 & -a + b >= -63 & b >= 0 & a - b >= 1 } { t = 0 & -a + b > -1 & b >= 0 & a - b >= -61 & a >= 0 } )|243
5037|{3: 237, 237: 242, 236: 236, 232: 232, 10: 11, 242: 3, 11: 10, 0: 0, 2: 2, 233: 233}|( { t = 0 & -a + b >= -63 & b >= 0 & a - b >= 1 } { t = 0 & -a + b > -1 & b >= 0 & a - b >= -61 & a >= 0 } )|243
5038|{3: 242, 237: 3, 236: 236, 232: 232, 10: 11, 242: 237, 11: 10, 0: 0, 2: 2, 233: 233}|( { t = 0 & -a + b >= -63 & b >= 0 & a - b >= 1 } { t = 0 & -a + b > -1 & b >= 0 & a - b >= -61 & a >= 0 } )|245
5039|{3: 3, 237: 242, 236: 236, 232: 232, 10: 11, 242: 237, 11: 10, 0: 0, 2: 2, 233: 233}|( { t = 0 & -a + b >= -63 & b >= 0 & a - b >= 1 } { t = 0 & -a + b > -1 & b >= 0 & a - b >= -61 & a >= 0 } )|243
5040|{3: 237, 237: 3, 236: 236, 232: 232, 10: 11, 242: 242, 11: 10, 0: 0, 2: 2, 233: 233}|( { t = 0 & -a + b >= -63 & b >= 0 & a - b >= 1 } { t = 0 & -a + b > -1 & b >= 0 & a - b >= -61 & a >= 0 } )|243
5041|{3: 3, 237: 237, 236: 236, 232: 232, 10: 11, 242: 242, 11: 10, 0: 0, 2: 2, 233: 233}|( { t = 0 & -a + b >= -63 & b >= 0 & a - b >= 1 } { t = 0 & -a + b > -1 & b >= 0 & a - b >= -61 & a >= 0 } )|243
5042|{3: 242, 237: 237, 236: 236, 232: 232, 10: 11, 242: 2, 11: 10, 0: 0, 2: 3, 233: 233}|( { t = 0 & -a + b >= -63 & b >= 0 & a - b >= 1 } { t = 0 & -a + b > -1 & b >= 0 & a - b >= -61 & a >= 0 } )|245
5044|{3: 242, 237: 2, 236: 236, 232: 232, 10: 11, 242: 237, 11: 10, 0: 0, 2: 3, 233: 233}|( { t = 0 & -a + b >= -63 & b >= 0 & a - b >= 1 } { t = 0 & -a + b > -1 & b >= 0 & a - b >= -61 & a >= 0 } )|245
5045|{3: 2, 237: 242, 236: 236, 232: 232, 10: 11, 242: 237, 11: 10, 0: 0, 2: 3, 233: 233}|( { t = 0 & -a + b >= -63 & b >= 0 & a - b >= 1 } { t = 0 & -a + b > -1 & b >= 0 & a - b >= -61 & a >= 0 } )|243
5047|{3: 2, 237: 237, 236: 236, 232: 232, 10: 11, 242: 242, 11: 10, 0: 0, 2: 3, 233: 233}|( { t = 0 & -a + b >= -63 & b >= 0 & a - b >= 1 } { t = 0 & -a + b > -1 & b >= 0 & a - b >= -61 & a >= 0 } )|243
5048|{3: 242, 237: 3, 236: 236, 232: 232, 10: 11, 242: 2, 11: 10, 0: 0, 2: 237, 233: 233}|( { t = 0 & -a + b >= -63 & b >= 0 & a - b >= 1 } { t = 0 & -a + b > -1 & b >= 0 & a - b >= -61 & a >= 0 } )|486
5049|{3: 3, 237: 242, 236: 236, 232: 232, 10: 11, 242: 2, 11: 10, 0: 0, 2: 237, 233: 233}|( { t = 0 & -a + b >= -63 & b >= 0 & a - b >= 1 } { t = 0 & -a + b > -1 & b >= 0 & a - b >= -61 & a >= 0 } )|248
5050|{3: 242, 237: 2, 236: 236, 232: 232, 10: 11, 242: 3, 11: 10, 0: 0, 2: 237, 233: 233}|( { t = 0 & -a + b >= -63 & b >= 0 & a - b >= 1 } { t = 0 & -a + b > -1 & b >= 0 & a - b >= -61 & a >= 0 } )|243
5051|{3: 2, 237: 242, 236: 236, 232: 232, 10: 11, 242: 3, 11: 10, 0: 0, 2: 237, 233: 233}|( { t = 0 & -a + b >= -63 & b >= 0 & a - b >= 1 } { t = 0 & -a + b > -1 & b >= 0 & a - b >= -61 & a >= 0 } )|245
5052|{3: 3, 237: 2, 236: 236, 232: 232, 10: 11, 242: 242, 11: 10, 0: 0, 2: 237, 233: 233}|( { t = 0 & -a + b >= -63 & b >= 0 & a - b >= 1 } { t = 0 & -a + b > -1 & b >= 0 & a - b >= -61 & a >= 0 } )|243
5053|{3: 2, 237: 3, 236: 236, 232: 232, 10: 11, 242: 242, 11: 10, 0: 0, 2: 237, 233: 233}|( { t = 0 & -a + b >= -63 & b >= 0 & a - b >= 1 } { t = 0 & -a + b > -1 & b >= 0 & a - b >= -61 & a >= 0 } )|488
5054|{3: 237, 237: 3, 236: 236, 232: 232, 10: 11, 242: 2, 11: 10, 0: 0, 2: 242, 233: 233}|( { t = 0 & -a + b >= -63 & b >= 0 & a - b >= 1 } { t = 0 & -a + b > -1 & b >= 0 & a - b >= -61 & a >= 0 } )|243
5055|{3: 3, 237: 237, 236: 236, 232: 232, 10: 11, 242: 2, 11: 10, 0: 0, 2: 242, 233: 233}|( { t = 0 & -a + b >= -63 & b >= 0 & a - b >= 1 } { t = 0 & -a + b > -1 & b >= 0 & a - b >= -61 & a >= 0 } )|243
5056|{3: 237, 237: 2, 236: 236, 232: 232, 10: 11, 242: 3, 11: 10, 0: 0, 2: 242, 233: 233}|( { t = 0 & -a + b >= -63 & b >= 0 & a - b >= 1 } { t = 0 & -a + b > -1 & b >= 0 & a - b >= -61 & a >= 0 } )|486
5057|{3: 2, 237: 237, 236: 236, 232: 232, 10: 11, 242: 3, 11: 10, 0: 0, 2: 242, 233: 233}|( { t = 0 & -a + b >= -63 & b >= 0 & a - b >= 1 } { t = 0 & -a + b > -1 & b >= 0 & a - b >= -61 & a >= 0 } )|482
5060|{3: 242, 237: 236, 236: 237, 232: 232, 10: 11, 242: 3, 11: 10, 0: 0, 2: 2, 233: 233}|( { t = 0 & -a + b >= -63 & b >= 0 & a - b >= 1 } { t = 0 & -a + b > -1 & b >= 0 & a - b >= -61 & a >= 0 } )|243
5065|{3: 3, 237: 236, 236: 237, 232: 232, 10: 11, 242: 242, 11: 10, 0: 0, 2: 2, 233: 233}|( { t = 0 & -a + b >= -63 & b >= 0 & a - b >= 1 } { t = 0 & -a + b > -1 & b >= 0 & a - b >= -61 & a >= 0 } )|243
5066|{3: 242, 237: 236, 236: 237, 232: 232, 10: 11, 242: 2, 11: 10, 0: 0, 2: 3, 233: 233}|( { t = 0 & -a + b >= -63 & b >= 0 & a - b >= 1 } { t = 0 & -a + b > -1 & b >= 0 & a - b >= -61 & a >= 0 } )|245
5071|{3: 2, 237: 236, 236: 237, 232: 232, 10: 11, 242: 242, 11: 10, 0: 0, 2: 3, 233: 233}|( { t = 0 & -a + b >= -63 & b >= 0 & a - b >= 1 } { t = 0 & -a + b > -1 & b >= 0 & a - b >= -61 & a >= 0 } )|243
5079|{3: 3, 237: 236, 236: 237, 232: 232, 10: 11, 242: 2, 11: 10, 0: 0, 2: 242, 233: 233}|( { t = 0 & -a + b >= -63 & b >= 0 & a - b >= 1 } { t = 0 & -a + b > -1 & b >= 0 & a - b >= -61 & a >= 0 } )|243
5081|{3: 2, 237: 236, 236: 237, 232: 232, 10: 11, 242: 3, 11: 10, 0: 0, 2: 242, 233: 233}|( { t = 0 & -a + b >= -63 & b >= 0 & a - b >= 1 } { t = 0 & -a + b > -1 & b >= 0 & a - b >= -61 & a >= 0 } )|482
5086|{3: 237, 237: 3, 236: 242, 232: 232, 10: 11, 242: 236, 11: 10, 0: 0, 2: 2, 233: 233}|( { t = 0 & -a + b >= -63 & b >= 0 & a - b >= 1 } { t = 0 & -a + b > -1 & b >= 0 & a - b >= -61 & a >= 0 } )|243
5087|{3: 3, 237: 237, 236: 242, 232: 232, 10: 11, 242: 236, 11: 10, 0: 0, 2: 2, 233: 233}|( { t = 0 & -a + b >= -63 & b >= 0 & a - b >= 1 } { t = 0 & -a + b > -1 & b >= 0 & a - b >= -61 & a >= 0 } )|243
5093|{3: 2, 237: 237, 236: 242, 232: 232, 10: 11, 242: 236, 11: 10, 0: 0, 2: 3, 233: 233}|( { t = 0 & -a + b >= -63 & b >= 0 & a - b >= 1 } { t = 0 & -a + b > -1 & b >= 0 & a - b >= -61 & a >= 0 } )|243
5106|{3: 3, 237: 2, 236: 242, 232: 232, 10: 11, 242: 236, 11: 10, 0: 0, 2: 237, 233: 233}|( { t = 0 & -a + b >= -63 & b >= 0 & a - b >= 1 } { t = 0 & -a + b > -1 & b >= 0 & a - b >= -61 & a >= 0 } )|243
5107|{3: 2, 237: 3, 236: 242, 232: 232, 10: 11, 242: 236, 11: 10, 0: 0, 2: 237, 233: 233}|( { t = 0 & -a + b >= -63 & b >= 0 & a - b >= 1 } { t = 0 & -a + b > -1 & b >= 0 & a - b >= -61 & a >= 0 } )|488
5379|{3: 236, 237: 237, 236: 3, 232: 232, 10: 11, 242: 2, 11: 242, 0: 0, 2: 10, 233: 233}|( { t = 0 & -a + b >= -63 & b >= 0 & a - b >= 1 } { t = 0 & -a + b > -1 & b >= 0 & a - b >= -61 & a >= 0 } )|244
5432|{3: 237, 237: 3, 236: 236, 232: 232, 10: 11, 242: 2, 11: 242, 0: 0, 2: 10, 233: 233}|( { t = 0 & -a + b >= -63 & b >= 0 & a - b >= 1 } { t = 0 & -a + b > -1 & b >= 0 & a - b >= -61 & a >= 0 } )|244
5433|{3: 3, 237: 237, 236: 236, 232: 232, 10: 11, 242: 2, 11: 242, 0: 0, 2: 10, 233: 233}|( { t = 0 & -a + b >= -63 & b >= 0 & a - b >= 1 } { t = 0 & -a + b > -1 & b >= 0 & a - b >= -61 & a >= 0 } )|244
5434|{3: 237, 237: 2, 236: 236, 232: 232, 10: 11, 242: 3, 11: 242, 0: 0, 2: 10, 233: 233}|( { t = 0 & -a + b >= -63 & b >= 0 & a - b >= 1 } { t = 0 & -a + b > -1 & b >= 0 & a - b >= -61 & a >= 0 } )|484
5435|{3: 2, 237: 237, 236: 236, 232: 232, 10: 11, 242: 3, 11: 242, 0: 0, 2: 10, 233: 233}|( { t = 0 & -a + b >= -63 & b >= 0 & a - b >= 1 } { t = 0 & -a + b > -1 & b >= 0 & a - b >= -61 & a >= 0 } )|482
5457|{3: 3, 237: 236, 236: 237, 232: 232, 10: 11, 242: 2, 11: 242, 0: 0, 2: 10, 233: 233}|( { t = 0 & -a + b >= -63 & b >= 0 & a - b >= 1 } { t = 0 & -a + b > -1 & b >= 0 & a - b >= -61 & a >= 0 } )|244
5459|{3: 2, 237: 236, 236: 237, 232: 232, 10: 11, 242: 3, 11: 242, 0: 0, 2: 10, 233: 233}|( { t = 0 & -a + b >= -63 & b >= 0 & a - b >= 1 } { t = 0 & -a + b > -1 & b >= 0 & a - b >= -61 & a >= 0 } )|482
5642|{3: 242, 237: 237, 236: 232, 232: 236, 10: 11, 242: 2, 11: 3, 0: 0, 2: 10, 233: 233}|( { t = 0 & -a + b >= -63 & b >= 0 & a - b >= 1 } { t = 0 & -a + b > -1 & b >= 0 & a - b >= -61 & a >= 0 } )|244
5644|{3: 242, 237: 2, 236: 232, 232: 236, 10: 11, 242: 237, 11: 3, 0: 0, 2: 10, 233: 233}|( { t = 0 & -a + b >= -63 & b >= 0 & a - b >= 1 } { t = 0 & -a + b > -1 & b >= 0 & a - b >= -61 & a >= 0 } )|245
5645|{3: 2, 237: 242, 236: 232, 232: 236, 10: 11, 242: 237, 11: 3, 0: 0, 2: 10, 233: 233}|( { t = 0 & -a + b >= -63 & b >= 0 & a - b >= 1 } { t = 0 & -a + b > -1 & b >= 0 & a - b >= -61 & a >= 0 } )|242
5647|{3: 2, 237: 237, 236: 232, 232: 236, 10: 11, 242: 242, 11: 3, 0: 0, 2: 10, 233: 233}|( { t = 0 & -a + b >= -63 & b >= 0 & a - b >= 1 } { t = 0 & -a + b > -1 & b >= 0 & a - b >= -61 & a >= 0 } )|242
5756|{3: 242, 237: 237, 236: 232, 232: 236, 10: 11, 242: 3, 11: 10, 0: 0, 2: 2, 233: 233}|( { t = 0 & -a + b >= -63 & b >= 0 & a - b >= 1 } { t = 0 & -a + b > -1 & b >= 0 & a - b >= -61 & a >= 0 } )|243
5757|{3: 237, 237: 242, 236: 232, 232: 236, 10: 11, 242: 3, 11: 10, 0: 0, 2: 2, 233: 233}|( { t = 0 & -a + b >= -63 & b >= 0 & a - b >= 1 } { t = 0 & -a + b > -1 & b >= 0 & a - b >= -61 & a >= 0 } )|243
5758|{3: 242, 237: 3, 236: 232, 232: 236, 10: 11, 242: 237, 11: 10, 0: 0, 2: 2, 233: 233}|( { t = 0 & -a + b >= -63 & b >= 0 & a - b >= 1 } { t = 0 & -a + b > -1 & b >= 0 & a - b >= -61 & a >= 0 } )|245
5759|{3: 3, 237: 242, 236: 232, 232: 236, 10: 11, 242: 237, 11: 10, 0: 0, 2: 2, 233: 233}|( { t = 0 & -a + b >= -63 & b >= 0 & a - b >= 1 } { t = 0 & -a + b > -1 & b >= 0 & a - b >= -61 & a >= 0 } )|243
5760|{3: 237, 237: 3, 236: 232, 232: 236, 10: 11, 242: 242, 11: 10, 0: 0, 2: 2, 233: 233}|( { t = 0 & -a + b >= -63 & b >= 0 & a - b >= 1 } { t = 0 & -a + b > -1 & b >= 0 & a - b >= -61 & a >= 0 } )|243
5761|{3: 3, 237: 237, 236: 232, 232: 236, 10: 11, 242: 242, 11: 10, 0: 0, 2: 2, 233: 233}|( { t = 0 & -a + b >= -63 & b >= 0 & a - b >= 1 } { t = 0 & -a + b > -1 & b >= 0 & a - b >= -61 & a >= 0 } )|243
5762|{3: 242, 237: 237, 236: 232, 232: 236, 10: 11, 242: 2, 11: 10, 0: 0, 2: 3, 233: 233}|( { t = 0 & -a + b >= -63 & b >= 0 & a - b >= 1 } { t = 0 & -a + b > -1 & b >= 0 & a - b >= -61 & a >= 0 } )|245
5764|{3: 242, 237: 2, 236: 232, 232: 236, 10: 11, 242: 237, 11: 10, 0: 0, 2: 3, 233: 233}|( { t = 0 & -a + b >= -63 & b >= 0 & a - b >= 1 } { t = 0 & -a + b > -1 & b >= 0 & a - b >= -61 & a >= 0 } )|245
5765|{3: 2, 237: 242, 236: 232, 232: 236, 10: 11, 242: 237, 11: 10, 0: 0, 2: 3, 233: 233}|( { t = 0 & -a + b >= -63 & b >= 0 & a - b >= 1 } { t = 0 & -a + b > -1 & b >= 0 & a - b >= -61 & a >= 0 } )|243
5767|{3: 2, 237: 237, 236: 232, 232: 236, 10: 11, 242: 242, 11: 10, 0: 0, 2: 3, 233: 233}|( { t = 0 & -a + b >= -63 & b >= 0 & a - b >= 1 } { t = 0 & -a + b > -1 & b >= 0 & a - b >= -61 & a >= 0 } )|243
5768|{3: 242, 237: 3, 236: 232, 232: 236, 10: 11, 242: 2, 11: 10, 0: 0, 2: 237, 233: 233}|( { t = 0 & -a + b >= -63 & b >= 0 & a - b >= 1 } { t = 0 & -a + b > -1 & b >= 0 & a - b >= -61 & a >= 0 } )|486
5769|{3: 3, 237: 242, 236: 232, 232: 236, 10: 11, 242: 2, 11: 10, 0: 0, 2: 237, 233: 233}|( { t = 0 & -a + b >= -63 & b >= 0 & a - b >= 1 } { t = 0 & -a + b > -1 & b >= 0 & a - b >= -61 & a >= 0 } )|248
5770|{3: 242, 237: 2, 236: 232, 232: 236, 10: 11, 242: 3, 11: 10, 0: 0, 2: 237, 233: 233}|( { t = 0 & -a + b >= -63 & b >= 0 & a - b >= 1 } { t = 0 & -a + b > -1 & b >= 0 & a - b >= -61 & a >= 0 } )|243
5771|{3: 2, 237: 242, 236: 232, 232: 236, 10: 11, 242: 3, 11: 10, 0: 0, 2: 237, 233: 233}|( { t = 0 & -a + b >= -63 & b >= 0 & a - b >= 1 } { t = 0 & -a + b > -1 & b >= 0 & a - b >= -61 & a >= 0 } )|245
5772|{3: 3, 237: 2, 236: 232, 232: 236, 10: 11, 242: 242, 11: 10, 0: 0, 2: 237, 233: 233}|( { t = 0 & -a + b >= -63 & b >= 0 & a - b >= 1 } { t = 0 & -a + b > -1 & b >= 0 & a - b >= -61 & a >= 0 } )|243
5773|{3: 2, 237: 3, 236: 232, 232: 236, 10: 11, 242: 242, 11: 10, 0: 0, 2: 237, 233: 233}|( { t = 0 & -a + b >= -63 & b >= 0 & a - b >= 1 } { t = 0 & -a + b > -1 & b >= 0 & a - b >= -61 & a >= 0 } )|488
5774|{3: 237, 237: 3, 236: 232, 232: 236, 10: 11, 242: 2, 11: 10, 0: 0, 2: 242, 233: 233}|( { t = 0 & -a + b >= -63 & b >= 0 & a - b >= 1 } { t = 0 & -a + b > -1 & b >= 0 & a - b >= -61 & a >= 0 } )|243
5775|{3: 3, 237: 237, 236: 232, 232: 236, 10: 11, 242: 2, 11: 10, 0: 0, 2: 242, 233: 233}|( { t = 0 & -a + b >= -63 & b >= 0 & a - b >= 1 } { t = 0 & -a + b > -1 & b >= 0 & a - b >= -61 & a >= 0 } )|243
5776|{3: 237, 237: 2, 236: 232, 232: 236, 10: 11, 242: 3, 11: 10, 0: 0, 2: 242, 233: 233}|( { t = 0 & -a + b >= -63 & b >= 0 & a - b >= 1 } { t = 0 & -a + b > -1 & b >= 0 & a - b >= -61 & a >= 0 } )|486
5777|{3: 2, 237: 237, 236: 232, 232: 236, 10: 11, 242: 3, 11: 10, 0: 0, 2: 242, 233: 233}|( { t = 0 & -a + b >= -63 & b >= 0 & a - b >= 1 } { t = 0 & -a + b > -1 & b >= 0 & a - b >= -61 & a >= 0 } )|482
6152|{3: 237, 237: 3, 236: 232, 232: 236, 10: 11, 242: 2, 11: 242, 0: 0, 2: 10, 233: 233}|( { t = 0 & -a + b >= -63 & b >= 0 & a - b >= 1 } { t = 0 & -a + b > -1 & b >= 0 & a - b >= -61 & a >= 0 } )|244
6153|{3: 3, 237: 237, 236: 232, 232: 236, 10: 11, 242: 2, 11: 242, 0: 0, 2: 10, 233: 233}|( { t = 0 & -a + b >= -63 & b >= 0 & a - b >= 1 } { t = 0 & -a + b > -1 & b >= 0 & a - b >= -61 & a >= 0 } )|244
6154|{3: 237, 237: 2, 236: 232, 232: 236, 10: 11, 242: 3, 11: 242, 0: 0, 2: 10, 233: 233}|( { t = 0 & -a + b >= -63 & b >= 0 & a - b >= 1 } { t = 0 & -a + b > -1 & b >= 0 & a - b >= -61 & a >= 0 } )|484
6155|{3: 2, 237: 237, 236: 232, 232: 236, 10: 11, 242: 3, 11: 242, 0: 0, 2: 10, 233: 233}|( { t = 0 & -a + b >= -63 & b >= 0 & a - b >= 1 } { t = 0 & -a + b > -1 & b >= 0 & a - b >= -61 & a >= 0 } )|482
